id,name,cv,illust,infotext,attr,awaken_gain,voice_self_intro,voice_gacha,voice_battle_start,voice_battle_end,voice_login,voice_lvl_up,voice_lvl_max,voice_awaken
1001,チヨ,,,,1,,,,,,,,,
1002,エルザ,,,,1,,,,,,,,,
1003,ニーナ,,,,1,,,,,,,,,
1004,ユニス,,,,1,,,,,,,,,
1005,パメラ,,,,1,,,,,,,,,
1006,ダイア,,,,1,,,,,,,,,
1007,ラビ,,,,1,,,,,,,,,
1008,ジャマル,,,,1,,,,,,,,,
1009,グレン,,,,1,,,,,,,,,
1010,ジルベール,,,,1,,,,,,,,,
1011,ノエル,,,,1,,,,,,,,,
1012,アルフォンス,,,,1,,,,,,,,,
1013,ロラン,,,,1,,,,,,,,,
1015,シウバ,,,,1,,,,,,,,,
1016,シモン,,,,1,,,,,,,,,
1017,エミリア,,,,1,,,,,,,,,
1018,アリア,,,,1,,,,,,,,,
1019,エドヴァルド,,,,1,,,,,,,,,
1020,イザベラ,,,,1,,,,,,,,,
1021,ナターシャ,,,,1,,,,,,,,,
1022,ジム,,,,1,,,,,,,,,
1023,ロッテ,,,,1,,,,,,,,,
1025,デュケーヌ,,,,1,,,,,,,,,
1026,ベネディクト,,,,1,,,,,,,,,
1027,デュナス,,,,1,,,,,,,,,
1028,エメーリエ,,,,1,,,,,,,,,
1029,ヴァルナル,,,,1,,,,,,,,,
1030,ニルス,,,,1,,,,,,,,,
1032,ヴィヴィアン,,,,1,,,,,,,,,
1033,ベアトリス,,,,1,,,,,,,,,
1034,ジェロム,,,,1,,,,,,,,,
1037,タニヤ,,,,1,,,,,,,,,
1038,バルザック,,,,1,,,,,,,,,
1039,イルメリ,,,,1,,,,,,,,,
1040,ポーラ,,,,1,,,,,,,,,
1041,ペチカ,,,,1,,,,,,,,,
1042,アルスラーン,,,,1,,,,,,,,,
1043,ナルサス,,,,1,,,,,,,,,
1045,ノリス,,,,1,,,,,,,,,
1046,アーチャー,,,,1,,,,,,,,,
1047,セイバー,,,,1,,,,,,,,,
1049,メビウス,,,,1,,,,,,,,,
1051,リップス,,,,1,,,,,,,,,
1052,コリーヌ,,,,1,,,,,,,,,
1053,エステル,,,,1,,,,,,,,,
1054,カティア,,,,1,,,,,,,,,
1055,ニーナ,,,,1,,,,,,,,,
1056,フェルゼン,,,,1,,,,,,,,,
1057,メリオダス,,,,1,,,,,,,,,
1058,エイラ,,,,1,,,,,,,,,
1059,スイ,,,,1,,,,,,,,,
1060,セネト,,,,1,,,,,,,,,
1062,エメーリエ,,,,1,,,,,,,,,
1063,ケルヴィン,,,,1,,,,,,,,,
1064,ヒューゴ,,,,1,,,,,,,,,
1065,ルミナス,,,,1,,,,,,,,,
1066,ブラン,,,,1,,,,,,,,,
1067,ヴィオレ,,,,1,,,,,,,,,
1068,Deemo,,,,1,,,,,,,,,
1069,アラム,,,,1,,,,,,,,,
1070,ユーリ,,,,1,,,,,,,,,
1071,ユリアナ,,,,1,,,,,,,,,
1072,リリアン,,,,1,,,,,,,,,
1073,アンジェリカ,,,,1,,,,,,,,,
1075,ノエル,,,,1,,,,,,,,,
1076,キリネ,,,,1,,,,,,,,,
1077,ナターシャ,,,,1,,,,,,,,,
1078,ヴィクトリア,,,,1,,,,,,,,,
1079,ペイジ,,,,1,,,,,,,,,
1080,セネト,,,,1,,,,,,,,,
1081,@@@,,,,1,,,,,,,,,
1082,マリユス,,,,1,,,,,,,,,
1083,マリユス,,,,1,,,,,,,,,
1084,パメラ,,,,1,,,,,,,,,
1085,アリア,,,,1,,,,,,,,,
1086,フェルナンド,,,,1,,,,,,,,,
1087,レオン,,,,1,,,,,,,,,
1088,@@@,,,,1,,,,,,,,,
1089,マリユス,,,,1,,,,,,,,,
1090,マリエル,,,,1,,,,,,,,,
1091,エメーリエ,,,,1,,,,,,,,,
1092,ルギス,,,,1,,,,,,,,,
1093,マリユス＆クー,,,,1,,,,,,,,,
1094,イルメリ,,,,1,,,,,,,,,
1101,エルヴァ,,,,1,,,,,,,,,
1102,@@@,,,,1,,,,,,,,,
1104,マリユス,,,,1,,,,,,,,,
1105,ジム,,,,1,,,,,,,,,
1106,ミカサ,,,,1,,,,,,,,,
1108,ロラン,,,,1,,,,,,,,,
1109,エロディ,,,,1,,,,,,,,,
1110,ラビ,,,,1,,,,,,,,,
1112,メビウス,,,,1,,,,,,,,,
1114,エリック,,,,1,,,,,,,,,
1118,イヴリス,,,,1,,,,,,,,,
1119,シャルロ,,,,1,,,,,,,,,
1120,マリエル,,,,1,,,,,,,,,
1122,レオン,,,,1,,,,,,,,,
1123,真宮寺さくら,,,,1,,,,,,,,,
1124,大神一郎,,,,1,,,,,,,,,
1127,ノエル,,,,1,,,,,,,,,
1130,アニー,,,,1,,,,,,,,,
1131,シュエット,,,,1,,,,,,,,,
1132,リシェラ,,,,1,,,,,,,,,
1133,レイ,,,,1,,,,,,,,,
1134,シンジ,,,,1,,,,,,,,,
1135,ジム,,,,1,,,,,,,,,
1136,シュザナ,,,,1,,,,,,,,,
1139,ジャマル,,,,1,,,,,,,,,
1140,マリユス,,,,1,,,,,,,,,
1141,イルメリ,,,,1,,,,,,,,,
1142,ラインハルト,,,,1,,,,,,,,,
1143,ミリュエ,,,,1,,,,,,,,,
1144,シャルロ,,,,1,,,,,,,,,
1145,レオナ,,,,1,,,,,,,,,
1146,キュオスティ,,,,1,,,,,,,,,
1147,フェルナンド,,,,1,,,,,,,,,
1148,クラウス,,,,1,,,,,,,,,
1149,ヴァレッタ,,,,1,,,,,,,,,
1150,カティア,,,,1,,,,,,,,,
1151,ヴォール,,,,1,,,,,,,,,
1152,ソリン,,,,1,,,,,,,,,
1153,ウルビ,,,,1,,,,,,,,,
1154,マフムード,,,,1,,,,,,,,,
1155,ミカサ,,,,1,,,,,,,,,
1156,コニー,,,,1,,,,,,,,,
1158,ジュネ,,,,1,,,,,,,,,
1159,ジェニー,,,,1,,,,,,,,,
1160,ノリス,,,,1,,,,,,,,,
1162,ショーン,,,,1,,,,,,,,,
1163,ケルヴィン,,,,1,,,,,,,,,
1164,アンズ,,,,1,,,,,,,,,
1165,ルギス,,,,1,,,,,,,,,
1166,マリユス,,,,1,,,,,,,,,
1167,エルザ,,,,1,,,,,,,,,
1168,チヨ,,,,1,,,,,,,,,
1169,ジャック,,,,1,,,,,,,,,
1170,クー・モリモル,,,,1,,,,,,,,,
1172,マリエル,,,,1,,,,,,,,,
1173,シャルロ,,,,1,,,,,,,,,
1174,主人公＆マリユス,,,,1,,,,,,,,,
1175,キュオスティ,,,,1,,,,,,,,,
1176,ジム,,,,1,,,,,,,,,
1177,主人公,,,,1,,,,,,,,,
1178,ノエル,,,,1,,,,,,,,,
1179,ルギス,,,,1,,,,,,,,,
1181,カエサル,,,,1,,,,,,,,,
1182,デュケーヌ,,,,1,,,,,,,,,
1183,アルベリク,,,,1,,,,,,,,,
1184,主人公,,,,1,,,,,,,,,
1185,アリア,,,,1,,,,,,,,,
1186,シャルロ,,,,1,,,,,,,,,
1187,ジナーチェ,,,,1,,,,,,,,,
1188,エメーリエ,,,,1,,,,,,,,,
1189,シュエット,,,,1,,,,,,,,,
1190,グリンド,,,,1,,,,,,,,,
1191,ニーナ,,,,1,,,,,,,,,
1192,イルメリ,,,,1,,,,,,,,,
1193,マリユス,,,,1,,,,,,,,,
1194,ｺﾞﾌﾞﾘﾝｽﾚｲﾔｰ,,,,1,,,,,,,,,
1195,蜥蜴僧侶,,,,1,,,,,,,,,
1197,マリユス,,,,1,,,,,,,,,
1198,ルギス,,,,1,,,,,,,,,
1199,ジャマル,,,,1,,,,,,,,,
1200,ノリス,,,,1,,,,,,,,,
1201,アリア,,,,1,,,,,,,,,
1202,ルギス,,,,1,,,,,,,,,
1203,アルベリク,,,,1,,,,,,,,,
1204,エメーリエ,,,,1,,,,,,,,,
1205,レオン,,,,1,,,,,,,,,
1206,アルーシャ,,,,1,,,,,,,,,
1207,アーシア,,,,1,,,,,,,,,
1208,エルザ,,,,1,,,,,,,,,
1209,メルフィ,,,,1,,,,,,,,,
1210,カエサル,,,,1,,,,,,,,,
1211,メルフィ,,,,1,,,,,,,,,
1212,ジナーチェ,,,,1,,,,,,,,,
1213,リュナ,,,,1,,,,,,,,,
1214,カタリナ,,,,1,,,,,,,,,
1215,マリユス,,,,1,,,,,,,,,
1216,メビウス,,,,1,,,,,,,,,
1217,リュナ,,,,1,,,,,,,,,
1218,シャルロ,,,,1,,,,,,,,,
1219,シビュラ,,,,1,,,,,,,,,
1220,カエサル,,,,1,,,,,,,,,
1221,アルベリク,,,,1,,,,,,,,,
1222,シュエット,,,,1,,,,,,,,,
1223,フェルナンド,,,,1,,,,,,,,,
1224,アルフレッド,,,,1,,,,,,,,,
1225,レオン,,,,1,,,,,,,,,
1226,クー・モリモル,,,,1,,,,,,,,,
1227,マリユス,,,,1,,,,,,,,,
1228,ジム,,,,1,,,,,,,,,
1229,ルギス,,,,1,,,,,,,,,
1230,チヨ,,,,1,,,,,,,,,
1231,シャルロ,,,,1,,,,,,,,,
1232,ダイア,,,,1,,,,,,,,,
1233,エルヴァ,,,,1,,,,,,,,,
1234,ノエル,,,,1,,,,,,,,,
1235,主人公,,,,1,,,,,,,,,
1236,マリエル,,,,1,,,,,,,,,
1237,スイ,,,,1,,,,,,,,,
1238,デュケーヌ,,,,1,,,,,,,,,
1239,ベアトリス,,,,1,,,,,,,,,
1240,ノリス,,,,1,,,,,,,,,
1241,ルージュ,,,,1,,,,,,,,,
1242,ニーナ,,,,1,,,,,,,,,
1243,フェルナンド,,,,1,,,,,,,,,
1244,アルベリク,,,,1,,,,,,,,,
1245,エメーリエ,,,,1,,,,,,,,,
1246,メルフィ,,,,1,,,,,,,,,
1247,ジャマル,,,,1,,,,,,,,,
1248,ルージュ,,,,1,,,,,,,,,
1249,エルザ,,,,1,,,,,,,,,
1250,レオン,,,,1,,,,,,,,,
1251,メビウス,,,,1,,,,,,,,,
2001,ファイザ,,,,2,,,,,,,,,
2002,カルディナ,,,,2,,,,,,,,,
2003,レティシア,,,,2,,,,,,,,,
2004,フルール,,,,2,,,,,,,,,
2005,コレット,,,,2,,,,,,,,,
2008,シルヴィ,,,,2,,,,,,,,,
2009,ソフィ,,,,2,,,,,,,,,
2010,ジャンヌ,,,,2,,,,,,,,,
2011,レオ,,,,2,,,,,,,,,
2012,アルノー,,,,2,,,,,,,,,
2013,クロード,,,,2,,,,,,,,,
2015,ティッキー,,,,2,,,,,,,,,
2016,エクトル,,,,2,,,,,,,,,
2017,サラ,,,,2,,,,,,,,,
2018,シグマ,,,,2,,,,,,,,,
2019,ガルム,,,,2,,,,,,,,,
2020,シーラ,,,,2,,,,,,,,,
2021,ライト,,,,2,,,,,,,,,
2022,グレゴール,,,,2,,,,,,,,,
2023,フレッド,,,,2,,,,,,,,,
2024,ティナ,,,,2,,,,,,,,,
2027,シルビオ,,,,2,,,,,,,,,
2028,ルーカン,,,,2,,,,,,,,,
2029,カリス,,,,2,,,,,,,,,
2030,オフェリー,,,,2,,,,,,,,,
2031,トリム,,,,2,,,,,,,,,
2032,ミリアン,,,,2,,,,,,,,,
2034,フェリシアス,,,,2,,,,,,,,,
2035,デュプリ,,,,2,,,,,,,,,
2036,バルトハウザー,,,,2,,,,,,,,,
2037,ユージーン,,,,2,,,,,,,,,
2038,フレイ,,,,2,,,,,,,,,
2039,ヴェロニク,,,,2,,,,,,,,,
2041,シルヴェストル,,,,2,,,,,,,,,
2042,ペネロペ,,,,2,,,,,,,,,
2043,ダリューン,,,,2,,,,,,,,,
2044,グレアム,,,,2,,,,,,,,,
2045,チェドルフ,,,,2,,,,,,,,,
2046,ダムディン,,,,2,,,,,,,,,
2047,コゼット,,,,2,,,,,,,,,
2048,ランサー,,,,2,,,,,,,,,
2049,ソニア,,,,2,,,,,,,,,
2051,ミルーレ,,,,2,,,,,,,,,
2052,ウェインライト,,,,2,,,,,,,,,
2054,シーラ,,,,2,,,,,,,,,
2055,シリル,,,,2,,,,,,,,,
2056,キング,,,,2,,,,,,,,,
2057,コライユ,,,,2,,,,,,,,,
2058,アナベル,,,,2,,,,,,,,,
2060,カルディナ,,,,2,,,,,,,,,
2061,シャンタル,,,,2,,,,,,,,,
2062,ノワール,,,,2,,,,,,,,,
2063,少女,,,,2,,,,,,,,,
2064,レティシア,,,,2,,,,,,,,,
2065,ドロシー,,,,2,,,,,,,,,
2066,セレスト,,,,2,,,,,,,,,
2067,イヴォン,,,,2,,,,,,,,,
2069,ディミトリ,,,,2,,,,,,,,,
2071,リヴァイ,,,,2,,,,,,,,,
2073,クリストフ,,,,2,,,,,,,,,
2074,シグマ,,,,2,,,,,,,,,
2075,ファイザ,,,,2,,,,,,,,,
2077,ベルナデッタ,,,,2,,,,,,,,,
2078,ロマーヌ,,,,2,,,,,,,,,
2082,デフロット,,,,2,,,,,,,,,
2083,アーデルハイド,,,,2,,,,,,,,,
2084,アーデルハイド,,,,2,,,,,,,,,
2085,デフロット,,,,2,,,,,,,,,
2086,アーデルハイド,,,,2,,,,,,,,,
2087,ソフィ,,,,2,,,,,,,,,
2088,ジゼル,,,,2,,,,,,,,,
2089,デフロット,,,,2,,,,,,,,,
2090,デフロット,,,,2,,,,,,,,,
2091,アルファ,,,,2,,,,,,,,,
2092,ユージーン,,,,2,,,,,,,,,
2093,テレジア,,,,2,,,,,,,,,
2094,シーラ,,,,2,,,,,,,,,
2095,アーデルハイド,,,,2,,,,,,,,,
2096,ベルナデッタ,,,,2,,,,,,,,,
2097,デフロット,,,,2,,,,,,,,,
2098,スレヴィ,,,,2,,,,,,,,,
2100,アルノー,,,,2,,,,,,,,,
2101,ガルム,,,,2,,,,,,,,,
2103,ヴェール,,,,2,,,,,,,,,
2104,アーデルハイド,,,,2,,,,,,,,,
2105,ヴェロニク,,,,2,,,,,,,,,
2106,フレーゲル,,,,2,,,,,,,,,
2107,ランベール,,,,2,,,,,,,,,
2108,カヲル,,,,2,,,,,,,,,
2109,ルーカン,,,,2,,,,,,,,,
2110,ルミア,,,,2,,,,,,,,,
2111,デフロット,,,,2,,,,,,,,,
2112,エレクトラ,,,,2,,,,,,,,,
2113,ガイル,,,,2,,,,,,,,,
2114,ラム,,,,2,,,,,,,,,
2115,チェドルフ,,,,2,,,,,,,,,
2117,キース,,,,2,,,,,,,,,
2118,スレヴィ,,,,2,,,,,,,,,
2119,ブークリエ,,,,2,,,,,,,,,
2120,バルトハウザー,,,,2,,,,,,,,,
2122,リヴァイ,,,,2,,,,,,,,,
2123,カリス,,,,2,,,,,,,,,
2124,レティシア,,,,2,,,,,,,,,
2125,ベルナデッタ,,,,2,,,,,,,,,
2126,ヴェロニク,,,,2,,,,,,,,,
2127,シンシア,,,,2,,,,,,,,,
2128,アミナ,,,,2,,,,,,,,,
2129,エリス,,,,2,,,,,,,,,
2130,グレゴール,,,,2,,,,,,,,,
2131,ルーカン,,,,2,,,,,,,,,
2132,アーデルハイド,,,,2,,,,,,,,,
2133,デフロット,,,,2,,,,,,,,,
2134,ベルナデッタ,,,,2,,,,,,,,,
2135,アーデルハイド,,,,2,,,,,,,,,
2136,デフロット,,,,2,,,,,,,,,
2137,ジゼル,,,,2,,,,,,,,,
2138,テレジア,,,,2,,,,,,,,,
2139,アウグスト,,,,2,,,,,,,,,
2140,ユリウス,,,,2,,,,,,,,,
2141,ベルナデッタ,,,,2,,,,,,,,,
2142,ベルナデッタ,,,,2,,,,,,,,,
2143,ユージーン,,,,2,,,,,,,,,
2144,カルディナ,,,,2,,,,,,,,,
2145,フレーゲル,,,,2,,,,,,,,,
2146,アーデルハイド,,,,2,,,,,,,,,
2147,シルヴィ,,,,2,,,,,,,,,
2148,シグマ,,,,2,,,,,,,,,
2149,テレジア,,,,2,,,,,,,,,
2150,ヴィド,,,,2,,,,,,,,,
2152,レティシア,,,,2,,,,,,,,,
2153,ヴェロニク,,,,2,,,,,,,,,
2154,スレヴィ,,,,2,,,,,,,,,
2155,ココ,,,,2,,,,,,,,,
2156,アーデルハイド,,,,2,,,,,,,,,
2157,シーラ,,,,2,,,,,,,,,
2158,ソフィ,,,,2,,,,,,,,,
2159,ジゼル,,,,2,,,,,,,,,
2160,ミルーレ,,,,2,,,,,,,,,
2161,ルーカン,,,,2,,,,,,,,,
2162,フロリーヌ,,,,2,,,,,,,,,
2163,シグマ,,,,2,,,,,,,,,
2164,レファルド,,,,2,,,,,,,,,
2165,リーベ,,,,2,,,,,,,,,
2166,デフロット,,,,2,,,,,,,,,
2167,カルディナ,,,,2,,,,,,,,,
2168,ミリアーナ,,,,2,,,,,,,,,
2169,ガルガイラス,,,,2,,,,,,,,,
2170,テレジア,,,,2,,,,,,,,,
2171,リヴェルタ,,,,2,,,,,,,,,
2172,ジュビリー,,,,2,,,,,,,,,
2173,スレヴィ,,,,2,,,,,,,,,
2174,アウグスト,,,,2,,,,,,,,,
2175,テイラ,,,,2,,,,,,,,,
2176,アーデルハイド,,,,2,,,,,,,,,
2177,エリス,,,,2,,,,,,,,,
2178,ユリウス,,,,2,,,,,,,,,
2179,テレジア,,,,2,,,,,,,,,
2180,ジゼル,,,,2,,,,,,,,,
2181,スレヴィ,,,,2,,,,,,,,,
2182,デフロット,,,,2,,,,,,,,,
2183,アーデルハイド,,,,2,,,,,,,,,
2184,バルトハウザー,,,,2,,,,,,,,,
2185,チェドルフ,,,,2,,,,,,,,,
2186,デフロット,,,,2,,,,,,,,,
2187,テレジア,,,,2,,,,,,,,,
2188,シーラ,,,,2,,,,,,,,,
2189,ファイザ,,,,2,,,,,,,,,
2190,ルーカン,,,,2,,,,,,,,,
2191,アーデルハイド,,,,2,,,,,,,,,
2192,シルヴィ,,,,2,,,,,,,,,
2193,コレット,,,,2,,,,,,,,,
2194,スレヴィ,,,,2,,,,,,,,,
2195,オフェリー,,,,2,,,,,,,,,
2196,ルーカン,,,,2,,,,,,,,,
2197,ヴェロニク,,,,2,,,,,,,,,
2198,ジゼル,,,,2,,,,,,,,,
2199,ベルナデッタ,,,,2,,,,,,,,,
2200,レティシア,,,,2,,,,,,,,,
2201,デフロット,,,,2,,,,,,,,,
2202,フレッド,,,,2,,,,,,,,,
2203,アウグスト,,,,2,,,,,,,,,
2204,シーラ,,,,2,,,,,,,,,
2205,アーデルハイド,,,,2,,,,,,,,,
2206,アルノー,,,,2,,,,,,,,,
2207,デフロット,,,,2,,,,,,,,,
2208,ベルナデッタ,,,,2,,,,,,,,,
2209,シグマ,,,,2,,,,,,,,,
3001,アナ,,,,3,,,,,,,,,
3002,ジョゼット,,,,3,,,,,,,,,
3003,イレーヌ,,,,3,,,,,,,,,
3004,キアラ,,,,3,,,,,,,,,
3005,メイリン,,,,3,,,,,,,,,
3006,クロエ,,,,3,,,,,,,,,
3008,ナディア,,,,3,,,,,,,,,
3010,エドガー,,,,3,,,,,,,,,
3012,ランディ,,,,3,,,,,,,,,
3014,ルドルフ,,,,3,,,,,,,,,
3015,マルク,,,,3,,,,,,,,,
3017,カリーネ,,,,3,,,,,,,,,
3018,ギルバード,,,,3,,,,,,,,,
3019,ラム,,,,3,,,,,,,,,
3020,ベルトラン,,,,3,,,,,,,,,
3021,マリー,,,,3,,,,,,,,,
3022,リューネ,,,,3,,,,,,,,,
3023,ガット,,,,3,,,,,,,,,
3024,アデル,,,,3,,,,,,,,,
3025,アネッタ,,,,3,,,,,,,,,
3026,デュド,,,,3,,,,,,,,,
3027,カノン,,,,3,,,,,,,,,
3028,ルフェーヴル,,,,3,,,,,,,,,
3029,ディクセン,,,,3,,,,,,,,,
3030,ロジェ,,,,3,,,,,,,,,
3031,モーニカ,,,,3,,,,,,,,,
3032,ルイーゼ,,,,3,,,,,,,,,
3033,ラウジー,,,,3,,,,,,,,,
3035,アーロン,,,,3,,,,,,,,,
3036,フレデリカ,,,,3,,,,,,,,,
3038,ミネット,,,,3,,,,,,,,,
3040,レア,,,,3,,,,,,,,,
3043,ヘリア,,,,3,,,,,,,,,
3044,コンラッド,,,,3,,,,,,,,,
3045,ヴァルダー,,,,3,,,,,,,,,
3046,衛宮士郎,,,,3,,,,,,,,,
3047,エックハルト,,,,3,,,,,,,,,
3049,ユキッド,,,,3,,,,,,,,,
3050,アルマ,,,,3,,,,,,,,,
3051,マノン,,,,3,,,,,,,,,
3052,オディロン,,,,3,,,,,,,,,
3053,ヴァルム,,,,3,,,,,,,,,
3054,ディアンヌ,,,,3,,,,,,,,,
3055,バン,,,,3,,,,,,,,,
3056,イネス,,,,3,,,,,,,,,
3059,ノーラン,,,,3,,,,,,,,,
3060,ベルトラン,,,,3,,,,,,,,,
3061,アジュール,,,,3,,,,,,,,,
3064,プレンシェル,,,,3,,,,,,,,,
3065,グレンデル,,,,3,,,,,,,,,
3066,オドレイ,,,,3,,,,,,,,,
3067,エレン,,,,3,,,,,,,,,
3068,エルヴィン,,,,3,,,,,,,,,
3069,サシャ,,,,3,,,,,,,,,
3070,アデル,,,,3,,,,,,,,,
3071,ユルシュ,,,,3,,,,,,,,,
3072,バンジャン,,,,3,,,,,,,,,
3074,マガリー,,,,3,,,,,,,,,
3076,ソロネ,,,,3,,,,,,,,,
3077,トト,,,,3,,,,,,,,,
3078,オディロン,,,,3,,,,,,,,,
3079,モーヴ,,,,3,,,,,,,,,
3080,ジェラルド,,,,3,,,,,,,,,
3081,モーリス,,,,3,,,,,,,,,
3082,カノン,,,,3,,,,,,,,,
3083,マリー,,,,3,,,,,,,,,
3084,モーリス,,,,3,,,,,,,,,
3085,ベルトラン,,,,3,,,,,,,,,
3086,セウェルス,,,,3,,,,,,,,,
3087,モーリス,,,,3,,,,,,,,,
3088,マリー,,,,3,,,,,,,,,
3089,アーロン,,,,3,,,,,,,,,
3090,カリーネ,,,,3,,,,,,,,,
3091,バルカス,,,,3,,,,,,,,,
3092,ラウジー,,,,3,,,,,,,,,
3093,ギルバード,,,,3,,,,,,,,,
3094,バルカス,,,,3,,,,,,,,,
3100,アスカ,,,,3,,,,,,,,,
3101,アーロン,,,,3,,,,,,,,,
3102,ミネット,,,,3,,,,,,,,,
3103,バルバラ,,,,3,,,,,,,,,
3104,ロッゾ,,,,3,,,,,,,,,
3105,ムウ,,,,3,,,,,,,,,
3106,イネス,,,,3,,,,,,,,,
3107,レム,,,,3,,,,,,,,,
3108,ペテルギウス,,,,3,,,,,,,,,
3109,ルドルフ,,,,3,,,,,,,,,
3110,トト,,,,3,,,,,,,,,
3111,ルー,,,,3,,,,,,,,,
3112,アウロラ,,,,3,,,,,,,,,
3113,スティアン,,,,3,,,,,,,,,
3114,ルアン,,,,3,,,,,,,,,
3115,ジャン,,,,3,,,,,,,,,
3116,エレン,,,,3,,,,,,,,,
3117,オドレイ,,,,3,,,,,,,,,
3118,ラム,,,,3,,,,,,,,,
3119,ヴァルム,,,,3,,,,,,,,,
3120,ヴィンセント,,,,3,,,,,,,,,
3121,ヘルフェン,,,,3,,,,,,,,,
3122,マリー,,,,3,,,,,,,,,
3123,モーリス,,,,3,,,,,,,,,
3124,ブール,,,,3,,,,,,,,,
3125,ベルトラン,,,,3,,,,,,,,,
3127,トト,,,,3,,,,,,,,,
3128,マリー,,,,3,,,,,,,,,
3129,ギルバード,,,,3,,,,,,,,,
3130,ディディエ,,,,3,,,,,,,,,
3131,カノン,,,,3,,,,,,,,,
3132,アーロン,,,,3,,,,,,,,,
3133,ベルトラン,,,,3,,,,,,,,,
3134,モーリス,,,,3,,,,,,,,,
3135,ヴィルヘルム,,,,3,,,,,,,,,
3136,アンリエット,,,,3,,,,,,,,,
3137,モーニカ,,,,3,,,,,,,,,
3138,グレフ＆ガストン,,,,3,,,,,,,,,
3139,でぃでぃえ,,,,3,,,,,,,,,
3140,デュド,,,,3,,,,,,,,,
3141,アリーナ,,,,3,,,,,,,,,
3142,ミミ,,,,3,,,,,,,,,
3143,ジョゼット,,,,3,,,,,,,,,
3144,アルドルフ,,,,3,,,,,,,,,
3145,カリーネ,,,,3,,,,,,,,,
3146,メイリン,,,,3,,,,,,,,,
3147,ラウジー,,,,3,,,,,,,,,
3148,イネス,,,,3,,,,,,,,,
3149,ルイーゼ,,,,3,,,,,,,,,
3150,ガレアス,,,,3,,,,,,,,,
3151,マリー,,,,3,,,,,,,,,
3152,ミネット,,,,3,,,,,,,,,
3153,モーリス,,,,3,,,,,,,,,
3154,鉱人道士,,,,3,,,,,,,,,
3155,ナディア,,,,3,,,,,,,,,
3156,カノン,,,,3,,,,,,,,,
3157,バルカス,,,,3,,,,,,,,,
3158,リゼット,,,,3,,,,,,,,,
3159,ジュリエッタ,,,,3,,,,,,,,,
3160,ヴィルヘルム,,,,3,,,,,,,,,
3161,キアラ,,,,3,,,,,,,,,
3162,トト,,,,3,,,,,,,,,
3163,アンリエット,,,,3,,,,,,,,,
3164,ルアーナ,,,,3,,,,,,,,,
3165,バカラック,,,,3,,,,,,,,,
3166,アンリエット,,,,3,,,,,,,,,
3167,ジョルジオ,,,,3,,,,,,,,,
3168,ヴィルヘルム,,,,3,,,,,,,,,
3169,マーカス,,,,3,,,,,,,,,
3170,アーニャ,,,,3,,,,,,,,,
3171,ラム,,,,3,,,,,,,,,
3172,リベカ,,,,3,,,,,,,,,
3173,アメリ,,,,3,,,,,,,,,
3174,アンリエット,,,,3,,,,,,,,,
3175,カノン,,,,3,,,,,,,,,
3176,グレフ＆ガストン,,,,3,,,,,,,,,
3177,モーリス,,,,3,,,,,,,,,
3178,アナ,,,,3,,,,,,,,,
3179,マリー,,,,3,,,,,,,,,
3180,ベルトラン,,,,3,,,,,,,,,
3181,グレフ＆ガストン,,,,3,,,,,,,,,
3182,ジョゼット,,,,3,,,,,,,,,
3183,アデル,,,,3,,,,,,,,,
3184,メイリン,,,,3,,,,,,,,,
3185,イネス,,,,3,,,,,,,,,
3186,カリーネ,,,,3,,,,,,,,,
3187,ラム,,,,3,,,,,,,,,
3188,ディディエ,,,,3,,,,,,,,,
3189,ルイーゼ,,,,3,,,,,,,,,
3190,カノン,,,,3,,,,,,,,,
3192,ギルバード,,,,3,,,,,,,,,
3193,アンリエット,,,,3,,,,,,,,,
3194,テレジア仮面,,,,3,,,,,,,,,
3195,モーニカ,,,,3,,,,,,,,,
3196,トト,,,,3,,,,,,,,,
3197,ミネット,,,,3,,,,,,,,,
4001,デジレ,,,,4,,,,,,,,,
4002,リリー,,,,4,,,,,,,,,
4003,カオル,,,,4,,,,,,,,,
4004,セレナ,,,,4,,,,,,,,,
4007,ウィル,,,,4,,,,,,,,,
4008,スティード,,,,4,,,,,,,,,
4009,ミミ,,,,4,,,,,,,,,
4011,ヴェラ,,,,4,,,,,,,,,
4012,タイナ,,,,4,,,,,,,,,
4013,エディ,,,,4,,,,,,,,,
4015,マクシミリアン,,,,4,,,,,,,,,
4016,リザ,,,,4,,,,,,,,,
4017,コンスタン,,,,4,,,,,,,,,
4018,ロザリー,,,,4,,,,,,,,,
4019,アドリエンヌ,,,,4,,,,,,,,,
4020,ルナ,,,,4,,,,,,,,,
4021,リシャール,,,,4,,,,,,,,,
4022,トルテ,,,,4,,,,,,,,,
4023,パスカル,,,,4,,,,,,,,,
4024,セシル,,,,4,,,,,,,,,
4025,アンネ,,,,4,,,,,,,,,
4026,ゾエ,,,,4,,,,,,,,,
4027,ラクロワ,,,,4,,,,,,,,,
4028,フォルテ,,,,4,,,,,,,,,
4030,ローズ,,,,4,,,,,,,,,
4031,エディオ,,,,4,,,,,,,,,
4032,コルン,,,,4,,,,,,,,,
4033,デュポワ,,,,4,,,,,,,,,
4034,アデリーナ,,,,4,,,,,,,,,
4035,マーヴェル,,,,4,,,,,,,,,
4036,デルトロ,,,,4,,,,,,,,,
4038,ジャクリーン,,,,4,,,,,,,,,
4039,ユリーカ,,,,4,,,,,,,,,
4041,ギルガメッシュ,,,,4,,,,,,,,,
4044,ショコラ,,,,4,,,,,,,,,
4045,ギーヴ,,,,4,,,,,,,,,
4046,エラム,,,,4,,,,,,,,,
4047,ファランギース,,,,4,,,,,,,,,
4048,遠坂凛,,,,4,,,,,,,,,
4049,フェリクス,,,,4,,,,,,,,,
4050,カルラ,,,,4,,,,,,,,,
4053,テオ,,,,4,,,,,,,,,
4054,エリザベス,,,,4,,,,,,,,,
4055,ゴウセル,,,,4,,,,,,,,,
4056,マーリン,,,,4,,,,,,,,,
4057,ランドルフ,,,,4,,,,,,,,,
4059,ルナ,,,,4,,,,,,,,,
4060,ヴィクトー,,,,4,,,,,,,,,
4061,フリーダ,,,,4,,,,,,,,,
4062,ラクロワ,,,,4,,,,,,,,,
4063,ジョーヌ,,,,4,,,,,,,,,
4064,ソレジュ,,,,4,,,,,,,,,
4065,フィーナ,,,,4,,,,,,,,,
4066,ヴェルナー,,,,4,,,,,,,,,
4067,ナタン,,,,4,,,,,,,,,
4068,ゼナイド,,,,4,,,,,,,,,
4070,ロベリア,,,,4,,,,,,,,,
4071,アルミン,,,,4,,,,,,,,,
4072,ハンジ,,,,4,,,,,,,,,
4073,クンツ,,,,4,,,,,,,,,
4074,マクシム,,,,4,,,,,,,,,
4077,セシリア,,,,4,,,,,,,,,
4078,ジャンヌ,,,,4,,,,,,,,,
4079,アリーナ,,,,4,,,,,,,,,
4080,レニエ,,,,4,,,,,,,,,
4081,ノンノリア,,,,4,,,,,,,,,
4082,ノンノリア,,,,4,,,,,,,,,
4083,ノンノリア,,,,4,,,,,,,,,
4084,マーヴェル,,,,4,,,,,,,,,
4085,デジレ,,,,4,,,,,,,,,
4086,クリシーヌ,,,,4,,,,,,,,,
4087,セシル,,,,4,,,,,,,,,
4088,トルテ,,,,4,,,,,,,,,
4089,キュオスティ,,,,4,,,,,,,,,
4090,ロイ,,,,4,,,,,,,,,
4091,サリア,,,,4,,,,,,,,,
4092,カオル,,,,4,,,,,,,,,
4093,フォルテ,,,,4,,,,,,,,,
4094,ノンノリア,,,,4,,,,,,,,,
4095,ロザリー,,,,4,,,,,,,,,
4096,ゲオルグ,,,,4,,,,,,,,,
4097,ｴﾘｶ･ﾌｫﾝﾃｨｰﾇ,,,,4,,,,,,,,,
4098,ユリーカ,,,,4,,,,,,,,,
4103,アストル,,,,4,,,,,,,,,
4104,マリ,,,,4,,,,,,,,,
4105,ロベリア,,,,4,,,,,,,,,
4106,ジャクリーン,,,,4,,,,,,,,,
4108,ジョエル,,,,4,,,,,,,,,
4109,ヒルダ,,,,4,,,,,,,,,
4110,ノンノリア,,,,4,,,,,,,,,
4111,フィネガン,,,,4,,,,,,,,,
4112,エミリア,,,,4,,,,,,,,,
4113,ロイ,,,,4,,,,,,,,,
4114,ノンノリア,,,,4,,,,,,,,,
4115,ロレッタ,,,,4,,,,,,,,,
4116,コントゥール,,,,4,,,,,,,,,
4117,マーヴェル,,,,4,,,,,,,,,
4118,サミュ,,,,4,,,,,,,,,
4119,ミチル,,,,4,,,,,,,,,
4120,ラエド,,,,4,,,,,,,,,
4121,アルマース,,,,4,,,,,,,,,
4122,クリスタ,,,,4,,,,,,,,,
4123,ショコラ,,,,4,,,,,,,,,
4125,ヒルダ,,,,4,,,,,,,,,
4126,ナタン,,,,4,,,,,,,,,
4127,アリーナ,,,,4,,,,,,,,,
4128,エリシール,,,,4,,,,,,,,,
4129,バカラック,,,,4,,,,,,,,,
4130,キノ,,,,4,,,,,,,,,
4131,カオル,,,,4,,,,,,,,,
4132,アスル,,,,4,,,,,,,,,
4133,ノンノリア,,,,4,,,,,,,,,
4134,セシル,,,,4,,,,,,,,,
4135,ローズ,,,,4,,,,,,,,,
4136,ロイ,,,,4,,,,,,,,,
4137,ラクロワ,,,,4,,,,,,,,,
4138,メリル,,,,4,,,,,,,,,
4139,アデリーナ,,,,4,,,,,,,,,
4140,ラエド,,,,4,,,,,,,,,
4141,アルマース,,,,4,,,,,,,,,
4142,アンネ,,,,4,,,,,,,,,
4143,クリシーヌ,,,,4,,,,,,,,,
4144,コルン,,,,4,,,,,,,,,
4145,ルナ,,,,4,,,,,,,,,
4146,ロイ,,,,4,,,,,,,,,
4147,オルタンス,,,,4,,,,,,,,,
4148,リウィア,,,,4,,,,,,,,,
4149,ラエド,,,,4,,,,,,,,,
4150,フォルテ,,,,4,,,,,,,,,
4151,ピアーネ,,,,4,,,,,,,,,
4152,ヴェラ,,,,4,,,,,,,,,
4153,アスル,,,,4,,,,,,,,,
4154,フォルク,,,,4,,,,,,,,,
4155,クー・モリモル,,,,4,,,,,,,,,
4156,トルテ,,,,4,,,,,,,,,
4157,エミィ,,,,4,,,,,,,,,
4158,ウィル,,,,4,,,,,,,,,
4159,ウィンザール,,,,4,,,,,,,,,
4160,カオル,,,,4,,,,,,,,,
4161,ヒルダ,,,,4,,,,,,,,,
4162,バルデブロン,,,,4,,,,,,,,,
4163,女神官,,,,4,,,,,,,,,
4164,妖精弓手,,,,4,,,,,,,,,
4165,ノンノリア,,,,4,,,,,,,,,
4166,ローズ,,,,4,,,,,,,,,
4167,ノンノリア,,,,4,,,,,,,,,
4168,ジャクリーン,,,,4,,,,,,,,,
4169,ロベリア,,,,4,,,,,,,,,
4170,マーヴェル,,,,4,,,,,,,,,
4171,ヒルダ,,,,4,,,,,,,,,
4172,セシル,,,,4,,,,,,,,,
4173,ルナ,,,,4,,,,,,,,,
4174,ゲール,,,,4,,,,,,,,,
4175,フォルク,,,,4,,,,,,,,,
4176,ユリーカ,,,,4,,,,,,,,,
4177,ルイズ,,,,4,,,,,,,,,
4178,ショコラ,,,,4,,,,,,,,,
4179,オズ,,,,4,,,,,,,,,
4180,マーヴェル,,,,4,,,,,,,,,
4181,リウィア,,,,4,,,,,,,,,
4182,ラトゥーム,,,,4,,,,,,,,,
4183,オルタンス,,,,4,,,,,,,,,
4184,リウィア,,,,4,,,,,,,,,
4185,ピアーネ,,,,4,,,,,,,,,
4186,リウィア,,,,4,,,,,,,,,
4187,エレナ,,,,4,,,,,,,,,
4188,クトゥーリア,,,,4,,,,,,,,,
4189,ノンノリア,,,,4,,,,,,,,,
4190,オルタンス,,,,4,,,,,,,,,
4191,フェリーチェ,,,,4,,,,,,,,,
4192,エルミーナ,,,,4,,,,,,,,,
4193,ウィンザール,,,,4,,,,,,,,,
4194,ウィル,,,,4,,,,,,,,,
4195,コルン,,,,4,,,,,,,,,
4196,バルデブロン,,,,4,,,,,,,,,
4197,ロイ,,,,4,,,,,,,,,
4198,ジャクリーン,,,,4,,,,,,,,,
4199,ノンノリア,,,,4,,,,,,,,,
4200,ゲオルグ,,,,4,,,,,,,,,
4201,リリー,,,,4,,,,,,,,,
4202,ラクロワ,,,,4,,,,,,,,,
4203,サリア,,,,4,,,,,,,,,
4204,アンネ,,,,4,,,,,,,,,
4205,フレーゲル,,,,4,,,,,,,,,
4206,カオル,,,,4,,,,,,,,,
4207,ウィル,,,,4,,,,,,,,,
4208,ルキウス,,,,4,,,,,,,,,
4209,ロベリア,,,,4,,,,,,,,,
4210,キノ,,,,4,,,,,,,,,
4211,マーヴェル,,,,4,,,,,,,,,
4212,ノンノリア,,,,4,,,,,,,,,
4213,ルイズ,,,,4,,,,,,,,,
4214,ノン子,,,,4,,,,,,,,,
4215,ロイ,,,,4,,,,,,,,,
4216,オルタンス,,,,4,,,,,,,,,
4217,ルキウス,,,,4,,,,,,,,,
4218,セシル,,,,4,,,,,,,,,
4219,アスル,,,,4,,,,,,,,,
4220,コルン,,,,4,,,,,,,,,
