id,code,name,desc
-6,UP_CANCEL,ロストプリンセス,単体固定ﾀﾞﾒｰｼﾞ[超極大]+敵ｽﾃｰﾀｽUP解除
-5,ATTACK_CROSS_AT,グランドクロス,十字型に攻撃[超超極大]
-4,,ディアーブル・レヨン,最大2回攻撃[特大]状態異常付加
-3,PROVOKE,それは私の仕事だ。,いや……私が仕事そのものだ。
-2,ATTACK6_AT,あとは任せて！,ランダムで6連続攻撃[大]
-1,AT_UP_ATTACK6_AT,アル・フーラ！,ランダム6連続攻撃[小]自分の攻撃力UP[小]
110101,ATTACK_UP,闘炎,自分の攻撃力をUP[小]
110102,ATTACK_UP,斬紅の闘炎,味方斬属性の攻撃力をUP[小]
110103,ATTACK_UP,蒼突の闘炎,味方突属性の攻撃力をUP[小]
110104,ATTACK_UP,紫打の闘炎,味方打属性の攻撃力をUP[小]
110105,ATTACK_UP,遠翠の闘炎,味方遠属性の攻撃力をUP[小]
110106,ATTACK_UP,光芒の闘炎,味方全体の攻撃力をUP[小]
110107,ATTACK_UP,無双,自分の攻撃力をUP[中]
110108,ATTACK_UP,斬紅の無双,味方斬属性の攻撃力をUP[中]
110109,ATTACK_UP,蒼突の無双,味方突属性の攻撃力をUP[中]
110110,ATTACK_UP,紫打の無双,味方打属性の攻撃力をUP[中]
110111,ATTACK_UP,遠翠の無双,味方遠属性の攻撃力をUP[中]
110112,ATTACK_UP,光芒の無双,味方全体の攻撃力をUP[中]
110113,ATTACK_UP,覇道,自分の攻撃力をUP[大]
110114,ATTACK_UP,斬紅の覇道,味方斬属性の攻撃力をUP[大]
110115,ATTACK_UP,蒼突の覇道,味方突属性の攻撃力をUP[大]
110116,ATTACK_UP,紫打の覇道,味方打属性の攻撃力をUP[大]
110117,ATTACK_UP,遠翠の覇道,味方遠属性の攻撃力をUP[大]
110118,ATTACK_UP,光芒の覇道,味方全体の攻撃力をUP[大]
110119,ATTACK_UP,神威,自分の攻撃力をUP[特大]
110120,ATTACK_UP,斬紅の神威,味方斬属性の攻撃力をUP[特大]
110121,ATTACK_UP,蒼突の神威,味方突属性の攻撃力をUP[特大]
110122,ATTACK_UP,紫打の神威,味方打属性の攻撃力をUP[特大]
110123,ATTACK_UP,遠翠の神威,味方遠属性の攻撃力をUP[特大]
110124,ATTACK_UP,光芒の神威,味方全体の攻撃力をUP[特大]
110125,ATTACK_UP,天威,自分の攻撃力をUP[極大]
110126,ATTACK_UP,斬紅の天威,味方斬属性の攻撃力をUP[極大]
110127,ATTACK_UP,蒼突の天威,味方突属性の攻撃力をUP[極大]
110128,ATTACK_UP,紫打の天威,味方打属性の攻撃力をUP[極大]
110129,ATTACK_UP,遠翠の天威,味方遠属性の攻撃力をUP[極大]
110130,ATTACK_UP,光芒の天威,味方全体の攻撃力をUP[極大]
110131,ATTACK_UP,玲瓏,自分の攻撃力をUP[超極大]
110132,ATTACK_UP,斬紅の玲瓏,味方斬属性の攻撃力をUP[超極大]
110133,ATTACK_UP,蒼突の玲瓏,味方突属性の攻撃力をUP[超極大]
110134,ATTACK_UP,紫打の玲瓏,味方打属性の攻撃力をUP[超極大]
110135,ATTACK_UP,遠翠の玲瓏,味方遠属性の攻撃力をUP[超極大]
110136,ATTACK_UP,光芒の玲瓏,味方全体の攻撃力をUP[超極大]
110201,DEFENSE_UP,守護,自分の防御力をUP[小]
110202,DEFENSE_UP,斬紅の守護,味方斬属性の防御力をUP[小]
110203,DEFENSE_UP,蒼突の守護,味方突属性の防御力をUP[小]
110204,DEFENSE_UP,紫打の守護,味方打属性の防御力をUP[小]
110205,DEFENSE_UP,遠翠の守護,味方遠属性の防御力をUP[小]
110206,DEFENSE_UP,光芒の守護,味方全体の防御力をUP[小]
110207,DEFENSE_UP,加護,自分の防御力をUP[中]
110208,DEFENSE_UP,斬紅の加護,味方斬属性の防御力をUP[中]
110209,DEFENSE_UP,蒼突の加護,味方突属性の防御力をUP[中]
110210,DEFENSE_UP,紫打の加護,味方打属性の防御力をUP[中]
110211,DEFENSE_UP,遠翠の加護,味方遠属性の防御力をUP[中]
110212,DEFENSE_UP,光芒の加護,味方全体の防御力をUP[中]
110213,DEFENSE_UP,聖護,自分の防御力をUP[大]
110214,DEFENSE_UP,斬紅の聖護,味方斬属性の防御力をUP[大]
110215,DEFENSE_UP,蒼突の聖護,味方突属性の防御力をUP[大]
110216,DEFENSE_UP,紫打の聖護,味方打属性の防御力をUP[大]
110217,DEFENSE_UP,遠翠の聖護,味方遠属性の防御力をUP[大]
110218,DEFENSE_UP,光芒の聖護,味方全体の防御力をUP[大]
110219,DEFENSE_UP,神護,自分の防御力をUP[特大]
110220,DEFENSE_UP,斬紅の神護,味方斬属性の防御力をUP[特大]
110221,DEFENSE_UP,蒼突の神護,味方突属性の防御力をUP[特大]
110222,DEFENSE_UP,紫打の神護,味方打属性の防御力をUP[特大]
110223,DEFENSE_UP,遠翠の神護,味方遠属性の防御力をUP[特大]
110224,DEFENSE_UP,光芒の神護,味方全体の防御力をUP[特大]
110225,DEFENSE_UP,天護,自分の防御力をUP[極大]
110226,DEFENSE_UP,斬紅の天護,味方斬属性の防御力をUP[極大]
110227,DEFENSE_UP,蒼突の天護,味方突属性の防御力をUP[極大]
110228,DEFENSE_UP,紫打の天護,味方打属性の防御力をUP[極大]
110229,DEFENSE_UP,遠翠の天護,味方遠属性の防御力をUP[極大]
110230,DEFENSE_UP,光芒の天護,味方全体の防御力をUP[極大]
110301,AT_DF_UP,勇壮,自分の攻撃力と防御力をUP[小]
110302,AT_DF_UP,斬紅の勇壮,味方斬属性の攻撃力と防御力をUP[小]
110303,AT_DF_UP,蒼突の勇壮,味方突属性の攻撃力と防御力をUP[小]
110304,AT_DF_UP,紫打の勇壮,味方打属性の攻撃力と防御力をUP[小]
110305,AT_DF_UP,遠翠の勇壮,味方遠属性の攻撃力と防御力をUP[小]
110306,AT_DF_UP,光芒の勇壮,味方全体の攻撃力と防御力をUP[小]
110307,AT_DF_UP,叡智,自分の攻撃力と防御力をUP[中]
110308,AT_DF_UP,斬紅の叡智,味方斬属性の攻撃力と防御力をUP[中]
110309,AT_DF_UP,蒼突の叡智,味方突属性の攻撃力と防御力をUP[中]
110310,AT_DF_UP,紫打の叡智,味方打属性の攻撃力と防御力をUP[中]
110311,AT_DF_UP,遠翠の叡智,味方遠属性の攻撃力と防御力をUP[中]
110312,AT_DF_UP,光芒の叡智,味方全体の攻撃力と防御力をUP[中]
110313,AT_DF_UP,聖天,自分の攻撃力と防御力をUP[大]
110314,AT_DF_UP,斬紅の聖天,味方斬属性の攻撃力と防御力をUP[大]
110315,AT_DF_UP,蒼突の聖天,味方突属性の攻撃力と防御力をUP[大]
110316,AT_DF_UP,紫打の聖天,味方打属性の攻撃力と防御力をUP[大]
110317,AT_DF_UP,遠翠の聖天,味方遠属性の攻撃力と防御力をUP[大]
110318,AT_DF_UP,光芒の聖天,味方全体の攻撃力と防御力をUP[大]
110319,AT_DF_UP,下がりなさい悪党,味方全体の攻撃力と防御力をUP[大]
110320,AT_DF_UP,英傑,自分の攻撃力と防御力をUP[特大]
110321,AT_DF_UP,斬紅の英傑,味方斬属性の攻撃力と防御力をUP[特大]
110322,AT_DF_UP,蒼突の英傑,味方突属性の攻撃力と防御力をUP[特大]
110323,AT_DF_UP,紫打の英傑,味方打属性の攻撃力と防御力をUP[特大]
110324,AT_DF_UP,遠翠の英傑,味方遠属性の攻撃力と防御力をUP[特大]
110325,AT_DF_UP,光芒の英傑,味方全体の攻撃力と防御力をUP[特大]
110330,AT_DF_UP,夢幻の暴威,自分の攻撃力と防御力をUP[極大]
110331,AT_DF_UP,英雄の輝き,自分の攻撃力と防御力をUP[極大]
110332,AT_DF_UP,悪魔の暴挙,自分の攻撃力と防御力をUP[超極大]
110401,DF_DOWN_AT_UP,狂化の呪い,防御力を大DOWNし、攻撃力を大UP
110402,DF_DOWN_AT_UP,狂化の禁呪,防御力を特大DOWNし、攻撃力を特大UP
110403,DF_DOWN_AT_UP,狂化の冥呪,防御力を極大DOWNし、攻撃力を極大UP
110501,AT_DOWN_DF_UP,硬化の呪い,攻撃力を大DOWNし、防御力を大UP
110502,AT_DOWN_DF_UP,硬化の禁呪,攻撃力を特大DOWNし、防御力を特大UP
110503,AT_DOWN_DF_UP,硬化の冥呪,攻撃力を極大DOWNし、防御力を極大UP
110601,ATTACK_DOWN,闘炎消滅,敵単体の攻撃力をDOWN[小]
110602,ATTACK_DOWN,闘炎消滅／斬紅,敵斬属性の攻撃力をDOWN[小]
110603,ATTACK_DOWN,闘炎消滅／蒼突,敵突属性の攻撃力をDOWN[小]
110604,ATTACK_DOWN,闘炎消滅／紫打,敵打属性の攻撃力をDOWN[小]
110605,ATTACK_DOWN,闘炎消滅／遠翠,敵遠属性の攻撃力をDOWN[小]
110606,ATTACK_DOWN,闘炎消滅／光芒,敵全体の攻撃力をDOWN[小]
110607,ATTACK_DOWN,無双消滅,敵単体の攻撃力をDOWN[中]
110608,ATTACK_DOWN,無双消滅／斬紅,敵斬属性の攻撃力をDOWN[中]
110609,ATTACK_DOWN,無双消滅／蒼突,敵突属性の攻撃力をDOWN[中]
110610,ATTACK_DOWN,無双消滅／紫打,敵打属性の攻撃力をDOWN[中]
110611,ATTACK_DOWN,無双消滅／遠翠,敵遠属性の攻撃力をDOWN[中]
110612,ATTACK_DOWN,無双消滅／光芒,敵全体の攻撃力をDOWN[中]
110613,ATTACK_DOWN,覇道消滅,敵単体の攻撃力をDOWN[大]
110614,ATTACK_DOWN,覇道消滅／斬紅,敵斬属性の攻撃力をDOWN[大]
110615,ATTACK_DOWN,覇道消滅／蒼突,敵突属性の攻撃力をDOWN[大]
110616,ATTACK_DOWN,覇道消滅／紫打,敵打属性の攻撃力をDOWN[大]
110617,ATTACK_DOWN,覇道消滅／遠翠,敵遠属性の攻撃力をDOWN[大]
110618,ATTACK_DOWN,覇道消滅／光芒,敵全体の攻撃力をDOWN[大]
110619,ATTACK_DOWN,神威消滅,敵単体の攻撃力をDOWN[特大]
110620,ATTACK_DOWN,神威消滅／斬紅,敵斬属性の攻撃力をDOWN[特大]
110621,ATTACK_DOWN,神威消滅／蒼突,敵突属性の攻撃力をDOWN[特大]
110622,ATTACK_DOWN,神威消滅／紫打,敵打属性の攻撃力をDOWN[特大]
110623,ATTACK_DOWN,神威消滅／遠翠,敵遠属性の攻撃力をDOWN[特大]
110624,ATTACK_DOWN,神威消滅／光芒,敵全体の攻撃力をDOWN[特大]
110625,ATTACK_DOWN,時が満ちた,敵全体の攻撃力をDOWN[特大]
110626,ATTACK_DOWN,天覇消滅,敵単体の攻撃力をDOWN[極大]
110627,ATTACK_DOWN,天覇消滅／斬紅,敵斬属性の攻撃力をDOWN[極大]
110628,ATTACK_DOWN,天覇消滅／蒼突,敵突属性の攻撃力をDOWN[極大]
110629,ATTACK_DOWN,天覇消滅／紫打,敵打属性の攻撃力をDOWN[極大]
110630,ATTACK_DOWN,天覇消滅／遠翠,敵遠属性の攻撃力をDOWN[極大]
110631,ATTACK_DOWN,天覇消滅／光芒,敵全体の攻撃力をDOWN[極大]
110632,ATTACK_DOWN,神威消滅／光芒＋,敵全体の攻撃力をDOWN[極大]
110701,DEFENSE_DOWN,守護消滅,敵単体の防御力をDOWN[小]
110702,DEFENSE_DOWN,守護消滅／斬紅,敵斬属性の防御力をDOWN[小]
110703,DEFENSE_DOWN,守護消滅／蒼突,敵突属性の防御力をDOWN[小]
110704,DEFENSE_DOWN,守護消滅／紫打,敵打属性の防御力をDOWN[小]
110705,DEFENSE_DOWN,守護消滅／遠翠,敵遠属性の防御力をDOWN[小]
110706,DEFENSE_DOWN,守護消滅／光芒,敵全体の防御力をDOWN[小]
110707,DEFENSE_DOWN,加護消滅,敵単体の防御力をDOWN[中]
110708,DEFENSE_DOWN,加護消滅／斬紅,敵斬属性の防御力をDOWN[中]
110709,DEFENSE_DOWN,加護消滅／蒼突,敵突属性の防御力をDOWN[中]
110710,DEFENSE_DOWN,加護消滅／紫打,敵打属性の防御力をDOWN[中]
110711,DEFENSE_DOWN,加護消滅／遠翠,敵遠属性の防御力をDOWN[中]
110712,DEFENSE_DOWN,加護消滅／光芒,敵全体の防御力をDOWN[中]
110713,DEFENSE_DOWN,聖護消滅,敵単体の防御力をDOWN[大]
110714,DEFENSE_DOWN,聖護消滅／斬紅,敵斬属性の防御力をDOWN[大]
110715,DEFENSE_DOWN,聖護消滅／蒼突,敵突属性の防御力をDOWN[大]
110716,DEFENSE_DOWN,聖護消滅／紫打,敵打属性の防御力をDOWN[大]
110717,DEFENSE_DOWN,聖護消滅／遠翠,敵遠属性の防御力をDOWN[大]
110718,DEFENSE_DOWN,聖護消滅／光芒,敵全体の防御力をDOWN[大]
110801,AT_DF_DOWN,勇壮消滅,敵単体の攻撃力と防御力をDOWN[小]
110802,AT_DF_DOWN,勇壮消滅／斬紅,敵斬属性の攻撃力と防御力をDOWN[小]
110803,AT_DF_DOWN,勇壮消滅／蒼突,敵突属性の攻撃力と防御力をDOWN[小]
110804,AT_DF_DOWN,勇壮消滅／紫打,敵打属性の攻撃力と防御力をDOWN[小]
110805,AT_DF_DOWN,勇壮消滅／遠翠,敵遠属性の攻撃力と防御力をDOWN[小]
110806,AT_DF_DOWN,勇壮消滅／光芒,敵全体の攻撃力と防御力をDOWN[小]
110807,AT_DF_DOWN,叡智消滅,敵単体の攻撃力と防御力をDOWN[中]
110808,AT_DF_DOWN,叡智消滅／斬紅,敵斬属性の攻撃力と防御力をDOWN[中]
110809,AT_DF_DOWN,叡智消滅／蒼突,敵突属性の攻撃力と防御力をDOWN[中]
110810,AT_DF_DOWN,叡智消滅／紫打,敵打属性の攻撃力と防御力をDOWN[中]
110811,AT_DF_DOWN,叡智消滅／遠翠,敵遠属性の攻撃力と防御力をDOWN[中]
110812,AT_DF_DOWN,叡智消滅／光芒,敵全体の攻撃力と防御力をDOWN[中]
110813,AT_DF_DOWN,聖天消滅,敵単体の攻撃力と防御力をDOWN[大]
110814,AT_DF_DOWN,聖天消滅／斬紅,敵斬属性の攻撃力と防御力をDOWN[大]
110815,AT_DF_DOWN,聖天消滅／蒼突,敵突属性の攻撃力と防御力をDOWN[大]
110816,AT_DF_DOWN,聖天消滅／紫打,敵打属性の攻撃力と防御力をDOWN[大]
110817,AT_DF_DOWN,聖天消滅／遠翠,敵遠属性の攻撃力と防御力をDOWN[大]
110818,AT_DF_DOWN,聖天消滅／光芒,敵全体の攻撃力と防御力をDOWN[大]
110819,AT_DF_DOWN,闘神消滅,敵単体の攻撃力と防御力をDOWN[極大]
110820,AT_DF_DOWN,闘神消滅／斬紅,敵斬属性の攻撃力と防御力をDOWN[極大]
110821,AT_DF_DOWN,闘神消滅／蒼突,敵突属性の攻撃力と防御力をDOWN[極大]
110822,AT_DF_DOWN,闘神消滅／紫打,敵打属性の攻撃力と防御力をDOWN[極大]
110823,AT_DF_DOWN,闘神消滅／遠翠,敵遠属性の攻撃力と防御力をDOWN[極大]
110824,AT_DF_DOWN,闘神消滅／光芒,敵全体の攻撃力と防御力をDOWN[極大]
110905,MAXHP_UP,孤狼激昂,一定時間HP最大値をUP[極大]
110906,MAXHP_UP,人狼狂気,一定時間HP最大値をUP[超極大]
111005,NORMAL_ATTACK_DAMAGE_UP,戦乙女の剛撃,通常攻撃の威力がアップ[極大]
111006,NORMAL_ATTACK_DAMAGE_UP,戦乙女の猛剛撃,通常攻撃の威力がアップ[超極大]
111105,DAMAGE_DOWN_ME,不死者の摂理,自身が受けたダメージを完全無効化する
111206,ATTACK_UP_AND_DOWN_CANCEL,赤火竜の恩恵,味方全体の攻撃力をUP[超極大]+味方全体ｽﾃｰﾀｽDOWN解除
120101,ATTACK,破弾の一撃,敵単体に固定ダメージ[小]
120102,ATTACK,破弾の一撃／真,敵単体に固定ダメージ[中]
120103,ATTACK,破弾の一撃／絶,敵単体に固定ダメージ[大]
120104,ATTACK,破弾の一撃／煌,敵単体に固定ダメージ[特大]
120201,ATTACK_AT,雷幻の一撃,敵単体に攻撃[小]
120202,ATTACK_AT,雷幻の一撃／真,敵単体に攻撃[中]
120203,ATTACK_AT,雷幻の一撃／絶,敵単体に攻撃[大]
120204,ATTACK_AT,雷幻の一撃／煌,敵単体に攻撃[特大]
120301,ATTACK_SIDE,破焔の一閃,横一列に固定ダメージ[小]
120302,ATTACK_SIDE,破焔の一閃／真,横一列に固定ダメージ[中]
120303,ATTACK_SIDE,破焔の一閃／絶,横一列に固定ダメージ[大]
120304,ATTACK_SIDE,破焔の一閃／煌,横一列に固定ダメージ[特大]
120401,ATTACK_SIDE_AT,焔幻の一閃,横一列に攻撃[小]
120402,ATTACK_SIDE_AT,焔幻の一閃／真,横一列に攻撃[中]
120403,ATTACK_SIDE_AT,焔幻の一閃／絶,横一列に攻撃[大]
120404,ATTACK_SIDE_AT,焔幻の一閃／煌,横一列に攻撃[特大]
120405,ATTACK_SIDE_AT,逃げちゃだめだ！,横一列に攻撃[特大]
120406,ATTACK_SIDE_AT,焔幻の一閃／鳳,横一列に攻撃[極大]
120407,ATTACK_SIDE_AT,焔幻の一閃／煌＋,横一列に攻撃[超極大]
120501,ATTACK_LENGTH,破魔の閃光,縦一列に固定ダメージ[小]
120502,ATTACK_LENGTH,破魔の閃光／真,縦一列に固定ダメージ[中]
120503,ATTACK_LENGTH,破魔の閃光／絶,縦一列に固定ダメージ[大]
120504,ATTACK_LENGTH,破魔の閃光／煌,縦一列に固定ダメージ[特大]
120601,ATTACK_LENGTH_AT,魔幻の閃光,縦一列に攻撃[小]
120602,ATTACK_LENGTH_AT,魔幻の閃光／真,縦一列に攻撃[中]
120603,ATTACK_LENGTH_AT,魔幻の閃光／絶,縦一列に攻撃[大]
120604,ATTACK_LENGTH_AT,魔幻の閃光／煌,縦一列に攻撃[特大]
120605,ATTACK_LENGTH_AT,破邪剣征　桜花天昇,縦一列に攻撃[特大]
120606,ATTACK_LENGTH_AT,魔幻の閃光／鳳,縦一列に攻撃[極大]
120701,ATTACK_CROSS,破岩の縦十字,十字型に固定ダメージ[小]
120702,ATTACK_CROSS,破岩の縦十字／真,十字型に固定ダメージ[中]
120703,ATTACK_CROSS,破岩の縦十字／絶,十字型に固定ダメージ[大]
120704,ATTACK_CROSS,破岩の縦十字／煌,十字型に固定ダメージ[特大]
120801,ATTACK_CROSS_AT,幻氷の縦十字,十字型に攻撃[小]
120802,ATTACK_CROSS_AT,幻氷の縦十字／真,十字型に攻撃[中]
120803,ATTACK_CROSS_AT,幻氷の縦十字／絶,十字型に攻撃[大]
120804,ATTACK_CROSS_AT,幻氷の縦十字／煌,十字型に攻撃[特大]
120805,ATTACK_CROSS_AT,幻氷の縦十字／鳳,十字型に攻撃[極大]
120808,ATTACK_CROSS_AT,幻氷の縦十字／冥,十字型に攻撃[超極大]
120901,ATTACK_CROSS_X,破雫の交叉線,X字型に固定ダメージ[小]
120902,ATTACK_CROSS_X,破雫の交叉線／真,X字型に固定ダメージ[中]
120903,ATTACK_CROSS_X,破雫の交叉線／絶,X字型に固定ダメージ[大]
120904,ATTACK_CROSS_X,破雫の交叉線／煌,X字型に固定ダメージ[特大]
121001,ATTACK_CROSS_X_AT,幻光の交叉線,X字型に攻撃[小]
121002,ATTACK_CROSS_X_AT,幻光の交叉線／真,X字型に攻撃[中]
121003,ATTACK_CROSS_X_AT,幻光の交叉線／絶,X字型に攻撃[大]
121004,ATTACK_CROSS_X_AT,幻光の交叉線／煌,X字型に攻撃[特大]
121005,ATTACK_CROSS_X_AT,幻光の交叉線／鳳,X字型に攻撃[極大]
121006,ATTACK_CROSS_X_AT,幻光の交叉線／煌＋,X字型に攻撃[超極大]
121007,ATTACK_CROSS_X_AT,幻光の交叉線／冥,X字型に攻撃[超極大]
121101,ATTACK_ALL,破界の包囲陣,敵全体に固定ダメージ[小]
121102,ATTACK_ALL,破界の包囲陣／真,敵全体に固定ダメージ[中]
121103,ATTACK_ALL,破界の包囲陣／絶,敵全体に固定ダメージ[大]
121201,ATTACK_ALL_AT,幻瞑の包囲陣,敵全体に攻撃[小]
121202,ATTACK_ALL_AT,幻瞑の包囲陣／真,敵全体に攻撃[中]
121203,ATTACK_ALL_AT,幻瞑の包囲陣／絶,敵全体に攻撃[大]
121204,ATTACK_ALL_AT,幻瞑の包囲陣／煌,敵全体に攻撃[特大]
121205,ATTACK_ALL_AT,覆滅の焔,敵全体に攻撃[特大]
121206,ATTACK_ALL_AT,ワンツーパンチ！,敵全体に攻撃[特大]
121207,ATTACK_ALL_AT,灼,敵全体に攻撃[極大]
121209,ATTACK_ALL_AT,幻瞑の包囲陣／鳳,敵全体に攻撃[極大]
121210,ATTACK_ALL_AT,覆滅の焔＋,敵全体に攻撃[超極大]
121215,ATTACK_ALL_AT,幻槍の包囲陣／鳳,敵全体に攻撃[極大]
121216,ATTACK_ALL_AT,幻瞑の包囲陣／冥,敵全体に攻撃[超極大]
121301,ATTACK3,破天の三連撃,ランダムで3連固定ダメージ[小]
121302,ATTACK3,破天の三連撃／真,ランダムで3連固定ダメージ[中]
121303,ATTACK3,破天の三連撃／絶,ランダムで3連固定ダメージ[大]
121304,ATTACK3,破天の三連撃／煌,ランダムで3連固定ダメージ[特大]
121401,ATTACK4,破天の四連撃,ランダムで4連固定ダメージ[小]
121402,ATTACK4,破天の四連撃／真,ランダムで4連固定ダメージ[中]
121403,ATTACK4,破天の四連撃／絶,ランダムで4連固定ダメージ[大]
121404,ATTACK4,破天の四連撃／煌,ランダムで4連固定ダメージ[特大]
121501,ATTACK5,破天の五連撃,ランダムで5連固定ダメージ[小]
121502,ATTACK5,破天の五連撃／真,ランダムで5連固定ダメージ[中]
121503,ATTACK5,破天の五連撃／絶,ランダムで5連固定ダメージ[大]
121504,ATTACK5,破天の五連撃／煌,ランダムで5連固定ダメージ[特大]
121601,ATTACK6,破天の六連撃,ランダムで6連固定ダメージ[小]
121602,ATTACK6,破天の六連撃／真,ランダムで6連固定ダメージ[中]
121603,ATTACK6,破天の六連撃／絶,ランダムで6連固定ダメージ[大]
121604,ATTACK6,破天の六連撃／煌,ランダムで6連固定ダメージ[特大]
121701,ATTACK7,破天の七連撃,ランダムで7連固定ダメージ[小]
121702,ATTACK7,破天の七連撃／真,ランダムで7連固定ダメージ[中]
121703,ATTACK7,破天の七連撃／絶,ランダムで7連固定ダメージ[大]
121704,ATTACK7,破天の七連撃／煌,ランダムで7連固定ダメージ[特大]
121801,ATTACK3_AT,幻神の三連撃,ランダムで3連続攻撃[小]
121802,ATTACK3_AT,幻神の三連撃／真,ランダムで3連続攻撃[中]
121803,ATTACK3_AT,幻神の三連撃／絶,ランダムで3連続攻撃[大]
121804,ATTACK3_AT,幻神の三連撃／煌,ランダムで3連続攻撃[特大]
121901,ATTACK4_AT,幻神の四連撃,ランダムで4連続攻撃[小]
121902,ATTACK4_AT,幻神の四連撃／真,ランダムで4連続攻撃[中]
121903,ATTACK4_AT,幻神の四連撃／絶,ランダムで4連続攻撃[大]
121904,ATTACK4_AT,幻神の四連撃／煌,ランダムで4連続攻撃[特大]
122001,ATTACK5_AT,幻神の五連撃,ランダムで5連続攻撃[小]
122002,ATTACK5_AT,幻神の五連撃／真,ランダムで5連続攻撃[中]
122003,ATTACK5_AT,幻神の五連撃／絶,ランダムで5連続攻撃[大]
122004,ATTACK5_AT,幻神の五連撃／煌,ランダムで5連続攻撃[特大]
122101,ATTACK6_AT,幻神の六連撃,ランダムで6連続攻撃[小]
122102,ATTACK6_AT,幻神の六連撃／真,ランダムで6連続攻撃[中]
122103,ATTACK6_AT,幻神の六連撃／絶,ランダムで6連続攻撃[大]
122104,ATTACK6_AT,幻神の六連撃／煌,ランダムで6連続攻撃[特大]
122201,ATTACK7_AT,幻神の七連撃,ランダムで7連続攻撃[小]
122202,ATTACK7_AT,幻神の七連撃／真,ランダムで7連続攻撃[中]
122203,ATTACK7_AT,1匹たりとも残さん！,ランダムで7連続攻撃[大]
122301,ATTACK3_AT,幻射の三連撃,ランダムで3連続攻撃[小]
122302,ATTACK3_AT,幻射の三連撃／真,ランダムで3連続攻撃[中]
122303,ATTACK3_AT,幻射の三連撃／絶,ランダムで3連続攻撃[大]
122304,ATTACK3_AT,幻射の三連撃／煌,ランダムで3連続攻撃[特大]
122401,ATTACK4_AT,幻射の四連撃,ランダムで4連続攻撃[小]
122402,ATTACK4_AT,幻射の四連撃／真,ランダムで4連続攻撃[中]
122403,ATTACK4_AT,幻射の四連撃／絶,ランダムで4連続攻撃[大]
122404,ATTACK4_AT,幻射の四連撃／煌,ランダムで4連続攻撃[特大]
122501,ATTACK5_AT,幻射の五連撃,ランダムで5連続攻撃[小]
122502,ATTACK5_AT,幻射の五連撃／真,ランダムで5連続攻撃[中]
122503,ATTACK5_AT,幻射の五連撃／絶,ランダムで5連続攻撃[大]
122504,ATTACK5_AT,幻射の五連撃／煌,ランダムで5連続攻撃[特大]
122601,ATTACK6_AT,幻射の六連撃,ランダムで6連続攻撃[小]
122602,ATTACK6_AT,幻射の六連撃／真,ランダムで6連続攻撃[中]
122603,ATTACK6_AT,幻射の六連撃／絶,ランダムで6連続攻撃[大]
122604,ATTACK6_AT,幻射の六連撃／煌,ランダムで6連続攻撃[特大]
122701,ATTACK7_AT,幻射の七連撃,ランダムで7連続攻撃[小]
122702,ATTACK7_AT,幻射の七連撃／真,ランダムで7連続攻撃[中]
122703,ATTACK7_AT,幻射の七連撃／絶,ランダムで7連続攻撃[大]
122704,ATTACK7_AT,幻射の七連撃／煌,ランダムで7連続攻撃[特大]
122801,ATTACK_CHARGE,斬紅の業火,次の攻撃でダメージが上昇する[小]
122802,ATTACK_CHARGE,斬紅の業火／真,次の攻撃でダメージが上昇する[中]
122803,ATTACK_CHARGE,斬紅の業火／絶,次の攻撃でダメージが上昇する[大]
122901,PURSUE,蒼突の追撃,味方の攻撃に一定確率で追撃[低確率]
122902,PURSUE,蒼突の追撃／真,味方の攻撃に一定確率で追撃[高確率]
123001,DRAIN,遠翠の略奪,敵単体に攻撃しつつHP回復[小]
123002,DRAIN,遠翠の略奪／真,敵単体に攻撃しつつHP回復[中]
123003,DRAIN,遠翠の略奪／絶,敵単体に攻撃しつつHP回復[大]
123004,DRAIN,遠翠の略奪／煌,敵単体に攻撃しつつHP回復[特大]
123201,ATTACK_SIDE_AT_VS_CUT,対紅の薙風,斬に強く突に弱い横一列攻撃[小]
123202,ATTACK_SIDE_AT_VS_CUT,対紅の薙風／真,斬に強く突に弱い横一列攻撃[中]
123203,ATTACK_SIDE_AT_VS_CUT,対紅の薙風／絶,斬に強く突に弱い横一列攻撃[大]
123204,ATTACK_SIDE_AT_VS_CUT,対紅の薙風／煌,斬に強く突に弱い横一列攻撃[特大]
123205,ATTACK_SIDE_AT_VS_CUT,対紅の薙風／鳳,斬に強く突に弱い横一列攻撃[極大]
123301,ATTACK_SIDE_AT_VS_STICK,対蒼の薙風,突に強く斬に弱い横一列攻撃[小]
123302,ATTACK_SIDE_AT_VS_STICK,対蒼の薙風／真,突に強く斬に弱い横一列攻撃[中]
123303,ATTACK_SIDE_AT_VS_STICK,対蒼の薙風／絶,突に強く斬に弱い横一列攻撃[大]
123304,ATTACK_SIDE_AT_VS_STICK,対蒼の薙風／煌,突に強く斬に弱い横一列攻撃[特大]
123305,ATTACK_SIDE_AT_VS_STICK,対蒼の薙風／鳳,突に強く斬に弱い横一列攻撃[極大]
123401,ATTACK_SIDE_AT_VS_HIT,対紫の薙風,打に強く遠に弱い横一列攻撃[小]
123402,ATTACK_SIDE_AT_VS_HIT,対紫の薙風／真,打に強く遠に弱い横一列攻撃[中]
123403,ATTACK_SIDE_AT_VS_HIT,対紫の薙風／絶,打に強く遠に弱い横一列攻撃[大]
123404,ATTACK_SIDE_AT_VS_HIT,対紫の薙風／煌,打に強く遠に弱い横一列攻撃[特大]
123405,ATTACK_SIDE_AT_VS_HIT,対紫の薙風／鳳,打に強く遠に弱い横一列攻撃[極大]
123501,ATTACK_SIDE_AT_VS_SHOOT,対翠の薙風,遠に強く打に弱い横一列攻撃[小]
123502,ATTACK_SIDE_AT_VS_SHOOT,対翠の薙風／真,遠に強く打に弱い横一列攻撃[中]
123503,ATTACK_SIDE_AT_VS_SHOOT,対翠の薙風／絶,遠に強く打に弱い横一列攻撃[大]
123504,ATTACK_SIDE_AT_VS_SHOOT,対翠の薙風／煌,遠に強く打に弱い横一列攻撃[特大]
123505,ATTACK_SIDE_AT_VS_SHOOT,対翠の薙風／鳳,遠に強く打に弱い横一列攻撃[極大]
123601,ATTACK_LENGTH_AT_VS_CUT,対紅の突風,斬に強く突に弱い縦一列攻撃[小]
123602,ATTACK_LENGTH_AT_VS_CUT,対紅の突風／真,斬に強く突に弱い縦一列攻撃[中]
123603,ATTACK_LENGTH_AT_VS_CUT,対紅の突風／絶,斬に強く突に弱い縦一列攻撃[大]
123604,ATTACK_LENGTH_AT_VS_CUT,対紅の突風／煌,斬に強く突に弱い縦一列攻撃[特大]
123605,ATTACK_LENGTH_AT_VS_CUT,対紅の突風／鳳,斬に強く突に弱い縦一列攻撃[極大]
123701,ATTACK_LENGTH_AT_VS_STICK,対蒼の突風,突に強く斬に弱い縦一列攻撃[小]
123702,ATTACK_LENGTH_AT_VS_STICK,対蒼の突風／真,突に強く斬に弱い縦一列攻撃[中]
123703,ATTACK_LENGTH_AT_VS_STICK,対蒼の突風／絶,突に強く斬に弱い縦一列攻撃[大]
123704,ATTACK_LENGTH_AT_VS_STICK,対蒼の突風／煌,突に強く斬に弱い縦一列攻撃[特大]
123705,ATTACK_LENGTH_AT_VS_STICK,対蒼の突風／鳳,突に強く斬に弱い縦一列攻撃[極大]
123801,ATTACK_LENGTH_AT_VS_HIT,対紫の突風,打に強く遠に弱い縦一列攻撃[小]
123802,ATTACK_LENGTH_AT_VS_HIT,対紫の突風／真,打に強く遠に弱い縦一列攻撃[中]
123803,ATTACK_LENGTH_AT_VS_HIT,対紫の突風／絶,打に強く遠に弱い縦一列攻撃[大]
123804,ATTACK_LENGTH_AT_VS_HIT,対紫の突風／煌,打に強く遠に弱い縦一列攻撃[特大]
123805,ATTACK_LENGTH_AT_VS_HIT,対紫の突風／鳳,打に強く遠に弱い縦一列攻撃[極大]
123901,ATTACK_LENGTH_AT_VS_SHOOT,対翠の突風,遠に強く打に弱い縦一列攻撃[小]
123902,ATTACK_LENGTH_AT_VS_SHOOT,対翠の突風／真,遠に強く打に弱い縦一列攻撃[中]
123903,ATTACK_LENGTH_AT_VS_SHOOT,対翠の突風／絶,遠に強く打に弱い縦一列攻撃[大]
123904,ATTACK_LENGTH_AT_VS_SHOOT,対翠の突風／煌,遠に強く打に弱い縦一列攻撃[特大]
123905,ATTACK_LENGTH_AT_VS_SHOOT,対翠の突風／鳳,遠に強く打に弱い縦一列攻撃[極大]
124001,ATTACK_CROSS_AT_VS_STICK,対蒼の縦十字,突に強く斬に弱い十字型攻撃[小]
124002,ATTACK_CROSS_AT_VS_STICK,対蒼の縦十字／真,突に強く斬に弱い十字型攻撃[中]
124003,ATTACK_CROSS_AT_VS_STICK,対蒼の縦十字／絶,突に強く斬に弱い十字型攻撃[大]
124004,ATTACK_CROSS_AT_VS_STICK,対蒼の縦十字／煌,突に強く斬に弱い十字型攻撃[特大]
124005,ATTACK_CROSS_AT_VS_STICK,私が守るから,突に強く斬に弱い十字型攻撃[特大]
124006,ATTACK_CROSS_AT_VS_STICK,対蒼の縦十字／鳳,突に強く斬に弱い十字型攻撃[極大]
124101,ATTACK_CROSS_X_AT_VS_SHOOT,対翠の交叉線,遠に強く打に弱いX字型攻撃[小]
124102,ATTACK_CROSS_X_AT_VS_SHOOT,対翠の交叉線／真,遠に強く打に弱いX字型攻撃[中]
124103,ATTACK_CROSS_X_AT_VS_SHOOT,対翠の交叉線／絶,遠に強く打に弱いX字型攻撃[大]
124104,ATTACK_CROSS_X_AT_VS_SHOOT,対翠の交叉線／煌,遠に強く打に弱いX字型攻撃[特大]
125501,AT_UP_ATTACK_AT,天雷幻の一撃,敵単体攻撃[小]自分の攻撃力UP[小]
125502,AT_UP_ATTACK_AT,天雷幻の一撃／真,敵単体攻撃[中]自分の攻撃力UP[中]
125503,AT_UP_ATTACK_AT,天雷幻の一撃／絶,敵単体攻撃[大]自分の攻撃力UP[大]
125504,AT_UP_ATTACK_AT,天雷幻の一撃／煌,敵単体攻撃[特大]自分の攻撃力UP[特大]
125505,AT_UP_ATTACK_AT,天雷幻の一撃／鳳,敵単体攻撃[極大]自分の攻撃力UP[極大]
125601,AT_UP_ATTACK_SIDE_AT,天焔幻の一閃,横一列攻撃[小]自分の攻撃力UP[小]
125602,AT_UP_ATTACK_SIDE_AT,天焔幻の一閃／真,横一列攻撃[中]自分の攻撃力UP[中]
125603,AT_UP_ATTACK_SIDE_AT,天焔幻の一閃／絶,横一列攻撃[大]自分の攻撃力UP[大]
125604,AT_UP_ATTACK_SIDE_AT,天焔幻の一閃／煌,横一列攻撃[特大]自分の攻撃力UP[特大]
125605,AT_UP_ATTACK_SIDE_AT,騎士の中の騎士,横一列攻撃[特大]自分の攻撃力UP[特大]
125606,AT_UP_ATTACK_SIDE_AT,天焔幻の一閃／鳳,横一列攻撃[極大]自分の攻撃力UP[極大]
125607,AT_UP_ATTACK_SIDE_AT,天焔幻の一閃／煌＋,横一列攻撃[極大]自分の攻撃力UP[極大]
125608,AT_UP_ATTACK_SIDE_AT,天焔幻の一閃／冥,横一列攻撃[超極大]自分の攻撃力UP[超極大]
125701,AT_UP_ATTACK_LENGTH_AT,天魔幻の閃光,縦一列攻撃[小]自分の攻撃力UP[小]
125702,AT_UP_ATTACK_LENGTH_AT,天魔幻の閃光／真,縦一列攻撃[中]自分の攻撃力UP[中]
125703,AT_UP_ATTACK_LENGTH_AT,天魔幻の閃光／絶,縦一列攻撃[大]自分の攻撃力UP[大]
125704,AT_UP_ATTACK_LENGTH_AT,天魔幻の閃光／煌,縦一列攻撃[特大]自分の攻撃力UP[特大]
125705,AT_UP_ATTACK_LENGTH_AT,天魔幻の閃光／鳳,縦一列攻撃[極大]自分の攻撃力UP[極大]
125706,AT_UP_ATTACK_LENGTH_AT,天魔幻の閃光／煌＋,縦一列攻撃[極大]自分の攻撃力UP[極大]
125707,AT_UP_ATTACK_LENGTH_AT,天魔幻の閃光／冥,縦一列攻撃[超極大]自分の攻撃力UP[超極大]
125801,AT_UP_ATTACK_CROSS_AT,天幻氷の縦十字,十字型攻撃[小]自分の攻撃力UP[小]
125802,AT_UP_ATTACK_CROSS_AT,天幻氷の縦十字／真,十字型攻撃[中]自分の攻撃力UP[中]
125803,AT_UP_ATTACK_CROSS_AT,天幻氷の縦十字／絶,十字型攻撃[大]自分の攻撃力UP[大]
125804,AT_UP_ATTACK_CROSS_AT,天幻氷の縦十字／煌,十字型攻撃[特大]自分の攻撃力UP[特大]
125805,AT_UP_ATTACK_CROSS_AT,天幻氷の縦十字／鳳,十字型攻撃[極大]自分の攻撃力UP[極大]
125901,AT_UP_ATTACK_CROSS_X_AT,天幻光の交叉線,X字型攻撃[小]自分の攻撃力UP[小]
125902,AT_UP_ATTACK_CROSS_X_AT,天幻光の交叉線／真,X字型攻撃[中]自分の攻撃力UP[中]
125903,AT_UP_ATTACK_CROSS_X_AT,天幻光の交叉線／絶,X字型攻撃[大]自分の攻撃力UP[大]
125904,AT_UP_ATTACK_CROSS_X_AT,天幻光の交叉線／煌,X字型攻撃[特大]自分の攻撃力UP[特大]
125905,AT_UP_ATTACK_CROSS_X_AT,孤狼絶吼,X字型攻撃[特大]自分の攻撃力UP[特大]
125906,AT_UP_ATTACK_CROSS_X_AT,あんたバカぁ！？,X字型攻撃[特大]自分の攻撃力UP[特大]
125908,AT_UP_ATTACK_CROSS_X_AT,天幻光の交叉線／鳳,X字型攻撃[極大]自分の攻撃力UP[極大]
126001,AT_UP_ATTACK_ALL_AT,天幻瞑の包囲陣,敵全体攻撃[小]自分の攻撃力UP[小]
126002,AT_UP_ATTACK_ALL_AT,天幻瞑の包囲陣／真,敵全体攻撃[中]自分の攻撃力UP[中]
126003,AT_UP_ATTACK_ALL_AT,天幻瞑の包囲陣／絶,敵全体攻撃[大]自分の攻撃力UP[大]
126004,AT_UP_ATTACK_ALL_AT,天幻瞑の包囲陣／煌,敵全体攻撃[特大]自分の攻撃力UP[特大]
126005,AT_UP_ATTACK_ALL_AT,天幻瞑の包囲陣／鳳,敵全体攻撃[極大]自分の攻撃力UP[極大]
126101,AT_UP_ATTACK4_AT,天幻神の四連撃,ランダム4連続攻撃[小]自分の攻撃力UP[小]
126102,AT_UP_ATTACK4_AT,天幻神の四連撃／真,ランダム4連続攻撃[中]自分の攻撃力UP[中]
126103,AT_UP_ATTACK4_AT,天幻神の四連撃／絶,ランダム4連続攻撃[大]自分の攻撃力UP[大]
126104,AT_UP_ATTACK4_AT,天幻神の四連撃／煌,ランダム4連続攻撃[特大]自分の攻撃力UP[特大]
126105,AT_UP_ATTACK4_AT,天幻神の四連撃／鳳,ランダム4連続攻撃[極大]自分の攻撃力UP[極大]
126201,AT_UP_ATTACK5_AT,天幻神の五連撃,ランダム5連続攻撃[小]自分の攻撃力UP[小]
126202,AT_UP_ATTACK5_AT,天幻神の五連撃／真,ランダム5連続攻撃[中]自分の攻撃力UP[中]
126203,AT_UP_ATTACK5_AT,天幻神の五連撃／絶,ランダム5連続攻撃[大]自分の攻撃力UP[大]
126204,AT_UP_ATTACK5_AT,天幻神の五連撃／煌,ランダム5連続攻撃[特大]自分の攻撃力UP[特大]
126205,AT_UP_ATTACK5_AT,天幻神の五連撃／鳳,ランダム5連続攻撃[極大]自分の攻撃力UP[極大]
126301,AT_UP_ATTACK6_AT,天幻神の六連撃,ランダム6連続攻撃[小]自分の攻撃力UP[小]
126302,AT_UP_ATTACK6_AT,天幻神の六連撃／真,ランダム6連続攻撃[中]自分の攻撃力UP[中]
126303,AT_UP_ATTACK6_AT,天幻神の六連撃／絶,ランダム6連続攻撃[大]自分の攻撃力UP[大]
126304,AT_UP_ATTACK6_AT,天幻神の六連撃／煌,ランダム6連続攻撃[特大]自分の攻撃力UP[特大]
126305,AT_UP_ATTACK6_AT,天幻神の六連撃／鳳,ランダム6連続攻撃[極大]自分の攻撃力UP[極大]
126401,AT_UP_ATTACK7_AT,天幻神の七連撃,ランダム7連続攻撃[小]自分の攻撃力UP[小]
126402,AT_UP_ATTACK7_AT,天幻神の七連撃／真,ランダム7連続攻撃[中]自分の攻撃力UP[中]
126403,AT_UP_ATTACK7_AT,天幻神の七連撃／絶,ランダム7連続攻撃[大]自分の攻撃力UP[大]
126404,AT_UP_ATTACK7_AT,天幻神の七連撃／煌,ランダム7連続攻撃[特大]自分の攻撃力UP[特大]
126405,AT_UP_ATTACK7_AT,天幻神の七連撃／鳳,ランダム7連続攻撃[極大]自分の攻撃力UP[極大]
126501,AT_UP_ATTACK4_AT,天幻射の四連撃,ランダム4連続攻撃[小]自分の攻撃力UP[小]
126502,AT_UP_ATTACK4_AT,天幻射の四連撃／真,ランダム4連続攻撃[中]自分の攻撃力UP[中]
126503,AT_UP_ATTACK4_AT,天幻射の四連撃／絶,ランダム4連続攻撃[大]自分の攻撃力UP[大]
126504,AT_UP_ATTACK4_AT,天幻射の四連撃／煌,ランダム4連続攻撃[特大]自分の攻撃力UP[特大]
126505,AT_UP_ATTACK4_AT,天幻射の四連撃／鳳,ランダム4連続攻撃[極大]自分の攻撃力UP[極大]
126601,AT_UP_ATTACK5_AT,天幻射の五連撃,ランダム5連続攻撃[小]自分の攻撃力UP[小]
126602,AT_UP_ATTACK5_AT,天幻射の五連撃／真,ランダム5連続攻撃[中]自分の攻撃力UP[中]
126603,AT_UP_ATTACK5_AT,天幻射の五連撃／絶,ランダム5連続攻撃[大]自分の攻撃力UP[大]
126604,AT_UP_ATTACK5_AT,天幻射の五連撃／煌,ランダム5連続攻撃[特大]自分の攻撃力UP[特大]
126605,AT_UP_ATTACK5_AT,天幻射の五連撃／鳳,ランダム5連続攻撃[極大]自分の攻撃力UP[極大]
126701,AT_UP_ATTACK6_AT,天幻射の六連撃,ランダム6連続攻撃[小]自分の攻撃力UP[小]
126702,AT_UP_ATTACK6_AT,天幻射の六連撃／真,ランダム6連続攻撃[中]自分の攻撃力UP[中]
126703,AT_UP_ATTACK6_AT,天幻射の六連撃／絶,ランダム6連続攻撃[大]自分の攻撃力UP[大]
126704,AT_UP_ATTACK6_AT,天幻射の六連撃／煌,ランダム6連続攻撃[特大]自分の攻撃力UP[特大]
126705,AT_UP_ATTACK6_AT,天幻射の六連撃／鳳,ランダム6連続攻撃[極大]自分の攻撃力UP[極大]
126801,AT_UP_ATTACK7_AT,天幻射の七連撃,ランダム7連続攻撃[小]自分の攻撃力UP[小]
126802,AT_UP_ATTACK7_AT,天幻射の七連撃／真,ランダム7連続攻撃[中]自分の攻撃力UP[中]
126803,AT_UP_ATTACK7_AT,天幻射の七連撃／絶,ランダム7連続攻撃[大]自分の攻撃力UP[大]
126804,AT_UP_ATTACK7_AT,天幻射の七連撃／煌,ランダム7連続攻撃[特大]自分の攻撃力UP[特大]
126805,AT_UP_ATTACK7_AT,天幻射の七連撃／鳳,ランダム7連続攻撃[極大]自分の攻撃力UP[極大]
126901,DF_UP_ATTACK_AT,地雷幻の一撃,敵単体攻撃[小]自分の防御力UP[小]
126902,DF_UP_ATTACK_AT,地雷幻の一撃／真,敵単体攻撃[中]自分の防御力UP[中]
126903,DF_UP_ATTACK_AT,地雷幻の一撃／絶,敵単体攻撃[大]自分の防御力UP[大]
126904,DF_UP_ATTACK_AT,地雷幻の一撃／煌,敵単体攻撃[特大]自分の防御力UP[特大]
126905,DF_UP_ATTACK_AT,地雷幻の一撃／鳳,敵単体攻撃[極大]自分の防御力UP[極大]
127001,DF_UP_ATTACK_SIDE_AT,地焔幻の一閃,横一列攻撃[小]自分の防御力UP[小]
127002,DF_UP_ATTACK_SIDE_AT,地焔幻の一閃／真,横一列攻撃[中]自分の防御力UP[中]
127003,DF_UP_ATTACK_SIDE_AT,地焔幻の一閃／絶,横一列攻撃[大]自分の防御力UP[大]
127004,DF_UP_ATTACK_SIDE_AT,地焔幻の一閃／煌,横一列攻撃[特大]自分の防御力UP[特大]
127005,DF_UP_ATTACK_SIDE_AT,よく喋るな豚野郎･･･,横一列攻撃[特大]自分の防御力UP[特大]
127006,DF_UP_ATTACK_SIDE_AT,地焔幻の一閃／鳳,横一列攻撃[極大]自分の防御力UP[極大]
127007,DF_UP_ATTACK_SIDE_AT,地焔幻の一閃／冥,横一列攻撃[超極大]自分の防御力UP[超極大]
127101,DF_UP_ATTACK_LENGTH_AT,地魔幻の閃光,縦一列攻撃[小]自分の防御力UP[小]
127102,DF_UP_ATTACK_LENGTH_AT,地魔幻の閃光／真,縦一列攻撃[中]自分の防御力UP[中]
127103,DF_UP_ATTACK_LENGTH_AT,地魔幻の閃光／絶,縦一列攻撃[大]自分の防御力UP[大]
127104,DF_UP_ATTACK_LENGTH_AT,地魔幻の閃光／煌,縦一列攻撃[特大]自分の防御力UP[特大]
127105,DF_UP_ATTACK_LENGTH_AT,地魔幻の閃光／煌＋,縦一列攻撃[極大]自分の防御力UP[特大]
127106,DF_UP_ATTACK_LENGTH_AT,地魔幻の閃光／鳳,縦一列攻撃[極大]自分の防御力UP[極大]
127201,DF_UP_ATTACK_CROSS_AT,地幻氷の縦十字,十字型攻撃[小]自分の防御力UP[小]
127202,DF_UP_ATTACK_CROSS_AT,地幻氷の縦十字／真,十字型攻撃[中]自分の防御力UP[中]
127203,DF_UP_ATTACK_CROSS_AT,地幻氷の縦十字／絶,十字型攻撃[大]自分の防御力UP[大]
127204,DF_UP_ATTACK_CROSS_AT,地幻氷の縦十字／煌,十字型攻撃[特大]自分の防御力UP[特大]
127205,DF_UP_ATTACK_CROSS_AT,地幻氷の縦十字／鳳,十字型攻撃[極大]自分の防御力UP[極大]
127206,DF_UP_ATTACK_CROSS_AT,地幻氷の縦十字／冥,十字型攻撃[超極大]自分の防御力UP[超極大]
127301,DF_UP_ATTACK_CROSS_X_AT,地幻光の交叉線,X字型攻撃[小]自分の防御力UP[小]
127302,DF_UP_ATTACK_CROSS_X_AT,地幻光の交叉線／真,X字型攻撃[中]自分の防御力UP[中]
127303,DF_UP_ATTACK_CROSS_X_AT,地幻光の交叉線／絶,X字型攻撃[大]自分の防御力UP[大]
127304,DF_UP_ATTACK_CROSS_X_AT,狼虎滅却　天地神明,X字型攻撃[大]自分の防御力UP[大]
127305,DF_UP_ATTACK_CROSS_X_AT,地幻光の交叉線／煌,X字型攻撃[特大]自分の防御力UP[特大]
127306,DF_UP_ATTACK_CROSS_X_AT,この世界は残酷だ･･･,X字型攻撃[特大]自分の防御力UP[特大]
127307,DF_UP_ATTACK_CROSS_X_AT,地幻光の交叉線／鳳,X字型攻撃[極大]自分の防御力UP[極大]
127401,DF_UP_ATTACK_ALL_AT,地幻瞑の包囲陣,敵全体攻撃[小]自分の防御力UP[小]
127402,DF_UP_ATTACK_ALL_AT,地幻瞑の包囲陣／真,敵全体攻撃[中]自分の防御力UP[中]
127403,DF_UP_ATTACK_ALL_AT,地幻瞑の包囲陣／絶,敵全体攻撃[大]自分の防御力UP[大]
127404,DF_UP_ATTACK_ALL_AT,地幻瞑の包囲陣／煌,敵全体攻撃[特大]自分の防御力UP[特大]
127405,DF_UP_ATTACK_ALL_AT,地幻瞑の包囲陣／鳳,敵全体攻撃[極大]自分の防御力UP[極大]
127501,DF_UP_ATTACK4_AT,地幻神の四連撃,ランダム4連続攻撃[小]自分の防御力UP[小]
127502,DF_UP_ATTACK4_AT,地幻神の四連撃／真,ランダム4連続攻撃[中]自分の防御力UP[中]
127503,DF_UP_ATTACK4_AT,地幻神の四連撃／絶,ランダム4連続攻撃[大]自分の防御力UP[大]
127504,DF_UP_ATTACK4_AT,地幻神の四連撃／煌,ランダム4連続攻撃[特大]自分の防御力UP[特大]
127505,DF_UP_ATTACK4_AT,地幻神の四連撃／鳳,ランダム4連続攻撃[極大]自分の防御力UP[極大]
127601,DF_UP_ATTACK5_AT,地幻神の五連撃,ランダム5連続攻撃[小]自分の防御力UP[小]
127602,DF_UP_ATTACK5_AT,地幻神の五連撃／真,ランダム5連続攻撃[中]自分の防御力UP[中]
127603,DF_UP_ATTACK5_AT,地幻神の五連撃／絶,ランダム5連続攻撃[大]自分の防御力UP[大]
127604,DF_UP_ATTACK5_AT,地幻神の五連撃／煌,ランダム5連続攻撃[特大]自分の防御力UP[特大]
127605,DF_UP_ATTACK5_AT,地幻神の五連撃／鳳,ランダム5連続攻撃[極大]自分の防御力UP[極大]
127701,DF_UP_ATTACK6_AT,地幻神の六連撃,ランダム6連続攻撃[小]自分の防御力UP[小]
127702,DF_UP_ATTACK6_AT,地幻神の六連撃／真,ランダム6連続攻撃[中]自分の防御力UP[中]
127703,DF_UP_ATTACK6_AT,地幻神の六連撃／絶,ランダム6連続攻撃[大]自分の防御力UP[大]
127704,DF_UP_ATTACK6_AT,地幻神の六連撃／煌,ランダム6連続攻撃[特大]自分の防御力UP[特大]
127705,DF_UP_ATTACK6_AT,地幻神の六連撃／鳳,ランダム6連続攻撃[極大]自分の防御力UP[極大]
127801,DF_UP_ATTACK7_AT,地幻神の七連撃,ランダム7連続攻撃[小]自分の防御力UP[小]
127802,DF_UP_ATTACK7_AT,地幻神の七連撃／真,ランダム7連続攻撃[中]自分の防御力UP[中]
127803,DF_UP_ATTACK7_AT,地幻神の七連撃／絶,ランダム7連続攻撃[大]自分の防御力UP[大]
127804,DF_UP_ATTACK7_AT,地幻神の七連撃／煌,ランダム7連続攻撃[特大]自分の防御力UP[特大]
127805,DF_UP_ATTACK7_AT,地幻神の七連撃／鳳,ランダム7連続攻撃[極大]自分の防御力UP[極大]
127901,DF_UP_ATTACK4_AT,地幻射の四連撃,ランダム4連続攻撃[小]自分の防御力UP[小]
127902,DF_UP_ATTACK4_AT,地幻射の四連撃／真,ランダム4連続攻撃[中]自分の防御力UP[中]
127903,DF_UP_ATTACK4_AT,地幻射の四連撃／絶,ランダム4連続攻撃[大]自分の防御力UP[大]
127904,DF_UP_ATTACK4_AT,地幻射の四連撃／煌,ランダム4連続攻撃[特大]自分の防御力UP[特大]
127905,DF_UP_ATTACK4_AT,地幻射の四連撃／鳳,ランダム4連続攻撃[極大]自分の防御力UP[極大]
128001,DF_UP_ATTACK5_AT,地幻射の五連撃,ランダム5連続攻撃[小]自分の防御力UP[小]
128002,DF_UP_ATTACK5_AT,地幻射の五連撃／真,ランダム5連続攻撃[中]自分の防御力UP[中]
128003,DF_UP_ATTACK5_AT,地幻射の五連撃／絶,ランダム5連続攻撃[大]自分の防御力UP[大]
128004,DF_UP_ATTACK5_AT,地幻射の五連撃／煌,ランダム5連続攻撃[特大]自分の防御力UP[特大]
128005,DF_UP_ATTACK5_AT,地幻射の五連撃／鳳,ランダム5連続攻撃[極大]自分の防御力UP[極大]
128101,DF_UP_ATTACK6_AT,地幻射の六連撃,ランダム6連続攻撃[小]自分の防御力UP[小]
128102,DF_UP_ATTACK6_AT,地幻射の六連撃／真,ランダム6連続攻撃[中]自分の防御力UP[中]
128103,DF_UP_ATTACK6_AT,地幻射の六連撃／絶,ランダム6連続攻撃[大]自分の防御力UP[大]
128104,DF_UP_ATTACK6_AT,地幻射の六連撃／煌,ランダム6連続攻撃[特大]自分の防御力UP[特大]
128105,DF_UP_ATTACK6_AT,地幻射の六連撃／鳳,ランダム6連続攻撃[極大]自分の防御力UP[極大]
128201,DF_UP_ATTACK7_AT,地幻射の七連撃,ランダム7連続攻撃[小]自分の防御力UP[小]
128202,DF_UP_ATTACK7_AT,地幻射の七連撃／真,ランダム7連続攻撃[中]自分の防御力UP[中]
128203,DF_UP_ATTACK7_AT,地幻射の七連撃／絶,ランダム7連続攻撃[大]自分の防御力UP[大]
128204,DF_UP_ATTACK7_AT,地幻射の七連撃／煌,ランダム7連続攻撃[特大]自分の防御力UP[特大]
128205,DF_UP_ATTACK7_AT,地幻射の七連撃／鳳,ランダム7連続攻撃[極大]自分の防御力UP[極大]
128501,ATTACK_SIDE_TREASURE_AT,強奪者の一閃,横一列攻撃（宝箱優先／追加ダメージ）[小]
128502,ATTACK_SIDE_TREASURE_AT,強奪者の一閃／真,横一列攻撃（宝箱優先／追加ダメージ）[中]
128503,ATTACK_SIDE_TREASURE_AT,強奪者の一閃／絶,横一列攻撃（宝箱優先／追加ダメージ）[大]
128504,ATTACK_SIDE_TREASURE_AT,強奪者の一閃／煌,横一列攻撃（宝箱優先／追加ダメージ）[特大]
128505,ATTACK_SIDE_TREASURE_AT,強奪者の一閃／鳳,横一列攻撃（宝箱優先／追加ダメージ）[極大]
128601,ATTACK_LENGTH_TREASURE_AT,強奪者の閃光,縦一列攻撃（宝箱優先／追加ダメージ）[小]
128602,ATTACK_LENGTH_TREASURE_AT,強奪者の閃光／真,縦一列攻撃（宝箱優先／追加ダメージ）[中]
128603,ATTACK_LENGTH_TREASURE_AT,強奪者の閃光／絶,縦一列攻撃（宝箱優先／追加ダメージ）[大]
128604,ATTACK_LENGTH_TREASURE_AT,強奪者の閃光／煌,縦一列攻撃（宝箱優先／追加ダメージ）[特大]
128605,ATTACK_LENGTH_TREASURE_AT,強奪者の閃光／鳳,縦一列攻撃（宝箱優先／追加ダメージ）[極大]
128701,ATTACK_TREASURE_AT,強奪者の雷,単体攻撃（宝箱優先／追加ダメージ）[小]
128702,ATTACK_TREASURE_AT,強奪者の雷／真,単体攻撃（宝箱優先／追加ダメージ）[中]
128703,ATTACK_TREASURE_AT,強奪者の雷／絶,単体攻撃（宝箱優先／追加ダメージ）[大]
128704,ATTACK_TREASURE_AT,強奪者の雷／煌,単体攻撃（宝箱優先／追加ダメージ）[特大]
128705,ATTACK_TREASURE_AT,見えざる手、デス,単体攻撃（宝箱優先／追加ダメージ）[特大]
128706,ATTACK_TREASURE_AT,強奪者の雷／鳳,単体攻撃（宝箱優先／追加ダメージ）[極大]
129105,ATTACK_MY_AND_OPP,不死者の猛撃,単体固定ﾀﾞﾒｰｼﾞ[極大]自分にﾀﾞﾒｰｼﾞ[極大]
129702,ATTACK6_AT,雷焦,ランダムで6連続攻撃[中]
129805,ABNORMAL_ATTACK_ALL_AT,灼獄,敵全体攻撃[極大]ランダムで状態異常付加
129807,ABNORMAL_ATTACK_ALL_AT,神霊降臨,敵全体攻撃[超極大]ランダムで状態異常付加
129905,ABNORMAL_ATTACK6_AT,偽神の滅光,ランダムで6連続攻撃[極大]ランダムで状態異常付加
129906,ABNORMAL_ATTACK6_AT,偽神の極滅光,ランダムで6連続攻撃[超極大]ランダムで状態異常付加
130201,COUNTER,蒼突の叛逆,攻撃をカウンター[低確率]
130202,COUNTER,蒼突の叛逆／真,攻撃をカウンター[中確率]
130203,COUNTER,蒼突の叛逆／絶,攻撃をカウンター[高確率]
130501,PROVOKE,挑発の舞踏,一定確率で敵の攻撃を引き付ける[低確率]
130502,PROVOKE,挑発の舞踏／真,一定確率で敵の攻撃を引き付ける[高確率]
130604,IGNORE_ABNORMAL_STATUS,赤火竜の障壁,敵の状態異常スキルを完全無効化
130605,IGNORE_ABNORMAL_STATUS,火竜飛翔の障壁,敵の状態異常スキルを完全無効化
140101,STATUS_TUMBLE,昏睡の言霊,一定確率で敵を睡眠状態にする[低確率]
140102,STATUS_TUMBLE,昏睡の言霊／真,一定確率で敵を睡眠状態にする[中確率]
140103,STATUS_TUMBLE,昏睡の言霊／絶,一定確率で敵を睡眠状態にする[高確率]
140104,STATUS_TUMBLE,昏睡の言霊／煌,一定確率で敵を睡眠状態にする[超高確率]
140201,STATUS_SILENCE,沈黙の言霊,一定確率で敵を沈黙状態にする[低確率]
140202,STATUS_SILENCE,沈黙の言霊／真,一定確率で敵を沈黙状態にする[中確率]
140203,STATUS_SILENCE,沈黙の言霊／絶,一定確率で敵を沈黙状態にする[高確率]
140204,STATUS_SILENCE,沈黙の言霊／煌,一定確率で敵を沈黙状態にする[超高確率]
140301,STATUS_POISON,猛毒の言霊,一定確率で敵を毒状態にする[低確率]
140302,STATUS_POISON,猛毒の言霊／真,一定確率で敵を毒状態にする[中確率]
140303,STATUS_POISON,猛毒の言霊／絶,一定確率で敵を毒状態にする[高確率]
140304,STATUS_POISON,猛毒の言霊／煌,一定確率で敵を毒状態にする[超高確率]
140305,STATUS_POISON,毒蛇の禁呪,敵を毒状態[超高確率]＆毒ダメージ[大]
140401,STATUS_UN_RANGE,孤撃の言霊,一定確率で敵を範囲不可にする[低確率]
140402,STATUS_UN_RANGE,孤撃の言霊／真,一定確率で敵を範囲不可にする[中確率]
140403,STATUS_UN_RANGE,孤撃の言霊／絶,一定確率で敵を範囲不可にする[高確率]
140404,STATUS_UN_RANGE,孤撃の言霊／煌,一定確率で敵を範囲不可にする[超高確率]
140405,STATUS_UN_RANGE,睨磔呪縛,一定確率で敵を範囲不可にする[超高確率]
140406,STATUS_UN_RANGE,孤撃の言霊／鳳,一定確率で敵を範囲不可にする[超超高確率]
140501,STATUS_DARKNESS,暗闇の言霊,一定確率で敵を暗闇状態にする[低確率]
140502,STATUS_DARKNESS,暗闇の言霊／真,一定確率で敵を暗闇状態にする[中確率]
140503,STATUS_DARKNESS,暗闇の言霊／絶,一定確率で敵を暗闇状態にする[高確率]
140504,STATUS_DARKNESS,暗闇の言霊／煌,一定確率で敵を暗闇状態にする[超高確率]
140505,STATUS_DARKNESS,暗闇の言霊／鳳,一定確率で敵を暗闇状態にする[超超高確率]
150101,HEAL,癒やしの光,最もダメージが多い味方１人のHP回復[小]
150102,HEAL,天使の微笑,味方全員のHPを回復[小]
150103,HEAL,癒やしの光／真,最もダメージが多い味方１人のHP回復[中]
150104,HEAL,天使の微笑／真,味方全員のHPを回復[中]
150105,HEAL,癒やしの光／絶,最もダメージが多い味方１人のHP回復[大]
150106,HEAL,天使の微笑／絶,味方全員のHPを回復[大]
150107,HEAL,癒やしの光／煌,最もダメージが多い味方１人のHP回復[特大]
150108,HEAL,天使の微笑／煌,味方全員のHPを回復[特大]
150109,HEAL,グラース・オ・スィエル,味方全員のHPを回復[大]
150111,HEAL,癒やしの光／鳳,最もダメージが多い味方１人のHP回復[極大]
150112,HEAL,堕天使の雫,味方全員のHPを回復[極大]
150113,HEAL,癒やしの光／煌＋,最もダメージが多い味方１人のHP回復[超極大]
150201,RESURRECT,夢限の息吹,味方1体を蘇生[HP低]
150202,RESURRECT,夢限の息吹／真,味方1体を蘇生[HP中]
150203,RESURRECT,夢限の息吹／絶,味方1体を蘇生[HP高]
150204,RESURRECT,堕天使の息吹,味方1体を蘇生[HP特大]
150301,UP_CANCEL,解除の一撃,単体固定ﾀﾞﾒｰｼﾞ[小]+敵ｽﾃｰﾀｽUP解除
150302,UP_CANCEL,解除の一撃／真,単体固定ﾀﾞﾒｰｼﾞ[中]+敵ｽﾃｰﾀｽUP解除
150303,UP_CANCEL,解除の一撃／絶,単体固定ﾀﾞﾒｰｼﾞ[大]+敵ｽﾃｰﾀｽUP解除
150401,DOWN_CANCEL,浄化の一撃,単体固定ﾀﾞﾒｰｼﾞ+味方ｽﾃｰﾀｽDOWN解除
150402,DOWN_CANCEL,浄化の一撃／真,単体固定ﾀﾞﾒｰｼﾞ[中]+味方ｽﾃｰﾀｽDOWN解除
150403,DOWN_CANCEL,浄化の一撃／絶,単体固定ﾀﾞﾒｰｼﾞ[大]+味方ｽﾃｰﾀｽDOWN解除
150404,DOWN_CANCEL,浄化の一撃／煌,単体固定ﾀﾞﾒｰｼﾞ[極大]+味方ｽﾃｰﾀｽDOWN解除
150405,DOWN_CANCEL,聖壁,単体固定ﾀﾞﾒｰｼﾞ[特大]+味方ｽﾃｰﾀｽDOWN解除
150501,ABNOMAL_CANCEL,治癒の一撃,単体固定ﾀﾞﾒｰｼﾞ[小]+味方状態異常解除
150502,ABNOMAL_CANCEL,治癒の一撃／真,単体固定ﾀﾞﾒｰｼﾞ[中]+味方状態異常解除
150503,ABNOMAL_CANCEL,治癒の一撃／絶,単体固定ﾀﾞﾒｰｼﾞ[大]+味方状態異常解除
150504,ABNOMAL_CANCEL,治癒の一撃／煌,単体固定ﾀﾞﾒｰｼﾞ[特大]+味方状態異常解除
150506,ABNOMAL_CANCEL,邪眼解放,単体固定ﾀﾞﾒｰｼﾞ[極大]+味方状態異常解除
160301,ONE_ATTACK_UP1_4_AT,斬紅の四連星,敵1体にﾀﾞﾒｰｼﾞが増加する1～4連続攻撃[小]
160302,ONE_ATTACK_UP1_4_AT,斬紅の四連星／真,敵1体にﾀﾞﾒｰｼﾞが増加する1～4連続攻撃[中]
160401,ONE_ATTACK_UP2_5_AT,斬紅の五連月,敵1体にﾀﾞﾒｰｼﾞが増加する2～5連続攻撃[小]
160402,ONE_ATTACK_UP2_5_AT,斬紅の五連月／真,敵1体にﾀﾞﾒｰｼﾞが増加する2～5連続攻撃[中]
160501,ONE_ATTACK_UP3_6_AT,斬紅の六連天,敵1体にﾀﾞﾒｰｼﾞが増加する3～6連続攻撃[小]
160502,ONE_ATTACK_UP3_6_AT,斬紅の六連天／真,敵1体にﾀﾞﾒｰｼﾞが増加する3～6連続攻撃[中]
160601,ONE_ATTACK_UP4_7_AT,斬紅の七連神,敵1体にﾀﾞﾒｰｼﾞが増加する4～7連続攻撃[小]
160602,ONE_ATTACK_UP4_7_AT,斬紅の七連神／真,敵1体にﾀﾞﾒｰｼﾞが増加する4～7連続攻撃[中]
160901,RANDOM_ATTACK5_AT,突鋭の五連撃,ﾗﾝﾀﾞﾑ5連続攻撃[小][低確率]でﾀﾞﾒｰｼﾞ2倍
160902,RANDOM_ATTACK5_AT,突鋭の五連撃／真,ﾗﾝﾀﾞﾑ5連続攻撃[中][低確率]でﾀﾞﾒｰｼﾞ2倍
160903,RANDOM_ATTACK5_AT,突鋭の五連撃／絶,ﾗﾝﾀﾞﾑ5連続攻撃[大][低確率]でﾀﾞﾒｰｼﾞ2倍
160904,RANDOM_ATTACK5_AT,突鋭の五連撃／煌,ﾗﾝﾀﾞﾑ5連続攻撃[特大][低確率]でﾀﾞﾒｰｼﾞ2倍
160905,RANDOM_ATTACK5_AT,突鋭の五連撃／鳳,ﾗﾝﾀﾞﾑ5連続攻撃[極大][低確率]でﾀﾞﾒｰｼﾞ2倍
161001,RANDOM_ATTACK6_AT,突鋭の六連撃,ﾗﾝﾀﾞﾑ6連続攻撃[小][低確率]でﾀﾞﾒｰｼﾞ2倍
161002,RANDOM_ATTACK6_AT,突鋭の六連撃／真,ﾗﾝﾀﾞﾑ6連続攻撃[中][低確率]でﾀﾞﾒｰｼﾞ2倍
161003,RANDOM_ATTACK6_AT,突鋭の六連撃／絶,ﾗﾝﾀﾞﾑ6連続攻撃[大][低確率]でﾀﾞﾒｰｼﾞ2倍
161004,RANDOM_ATTACK6_AT,突鋭の六連撃／煌,ﾗﾝﾀﾞﾑ6連続攻撃[特大][低確率]でﾀﾞﾒｰｼﾞ2倍
161005,RANDOM_ATTACK6_AT,突鋭の六連撃／鳳,ﾗﾝﾀﾞﾑ6連続攻撃[極大][低確率]でﾀﾞﾒｰｼﾞ2倍
161101,RANDOM_ATTACK7_AT,突鋭の七連撃,ﾗﾝﾀﾞﾑ7連続攻撃[小][低確率]でﾀﾞﾒｰｼﾞ2倍
161102,RANDOM_ATTACK7_AT,突鋭の七連撃／真,ﾗﾝﾀﾞﾑ7連続攻撃[中][低確率]でﾀﾞﾒｰｼﾞ2倍
161103,RANDOM_ATTACK7_AT,突鋭の七連撃／絶,ﾗﾝﾀﾞﾑ7連続攻撃[大][低確率]でﾀﾞﾒｰｼﾞ2倍
161104,RANDOM_ATTACK7_AT,突鋭の七連撃／煌,ﾗﾝﾀﾞﾑ7連続攻撃[特大][低確率]でﾀﾞﾒｰｼﾞ2倍
161105,RANDOM_ATTACK7_AT,突鋭の七連撃／鳳,ﾗﾝﾀﾞﾑ7連続攻撃[極大][低確率]でﾀﾞﾒｰｼﾞ2倍
161501,RANDOM_ATTACK6_AT,遠鋭の六連撃,ﾗﾝﾀﾞﾑ6連続攻撃[小][低確率]でﾀﾞﾒｰｼﾞ2倍
161502,RANDOM_ATTACK6_AT,遠鋭の六連撃／真,ﾗﾝﾀﾞﾑ6連続攻撃[中][低確率]でﾀﾞﾒｰｼﾞ2倍
161503,RANDOM_ATTACK6_AT,遠鋭の六連撃／絶,ﾗﾝﾀﾞﾑ6連続攻撃[大][低確率]でﾀﾞﾒｰｼﾞ2倍
161504,RANDOM_ATTACK6_AT,遠鋭の六連撃／煌,ﾗﾝﾀﾞﾑ6連続攻撃[特大][低確率]でﾀﾞﾒｰｼﾞ2倍
161505,RANDOM_ATTACK6_AT,遠鋭の六連撃／鳳,ﾗﾝﾀﾞﾑ6連続攻撃[極大][低確率]でﾀﾞﾒｰｼﾞ2倍
161701,RANDOM_ATTACK1_4_AT,打鋭の四連星,ﾗﾝﾀﾞﾑで1～4連撃。攻撃毎に与ﾀﾞﾒ2倍[低確率]
161702,RANDOM_ATTACK1_4_AT,打鋭の四連星／真,ﾗﾝﾀﾞﾑで1～4連撃。攻撃毎に与ﾀﾞﾒ2倍[低確率]
161703,RANDOM_ATTACK1_4_AT,打鋭の四連星／絶,ﾗﾝﾀﾞﾑで1～4連撃。攻撃毎に与ﾀﾞﾒ2倍[低確率]
161704,RANDOM_ATTACK1_4_AT,打鋭の四連星／煌,ﾗﾝﾀﾞﾑで1～4連撃。攻撃毎に与ﾀﾞﾒ2倍[低確率]
161801,RANDOM_ATTACK2_5_AT,打鋭の五連月,ﾗﾝﾀﾞﾑで2～5連撃。攻撃毎に与ﾀﾞﾒ2倍[低確率]
161802,RANDOM_ATTACK2_5_AT,打鋭の五連月／真,ﾗﾝﾀﾞﾑで2～5連撃。攻撃毎に与ﾀﾞﾒ2倍[低確率]
161803,RANDOM_ATTACK2_5_AT,アル・ヒューマ！,ﾗﾝﾀﾞﾑで2～5連撃。攻撃毎に与ﾀﾞﾒ2倍[低確率]
161901,RANDOM_ATTACK3_6_AT,打鋭の六連天,ﾗﾝﾀﾞﾑで3～6連撃。攻撃毎に与ﾀﾞﾒ2倍[低確率]
161902,RANDOM_ATTACK3_6_AT,打鋭の六連天／真,ﾗﾝﾀﾞﾑで3～6連撃。攻撃毎に与ﾀﾞﾒ2倍[低確率]
162001,RANDOM_ATTACK4_7_AT,打鋭の七連神,ﾗﾝﾀﾞﾑで4～7連撃。攻撃毎に与ﾀﾞﾒ2倍[低確率]
162002,RANDOM_ATTACK4_7_AT,打鋭の七連神／真,ﾗﾝﾀﾞﾑで4～7連撃。攻撃毎に与ﾀﾞﾒ2倍[低確率]
162603,METEO6_AT,マクシ・ミリアン,ランダムで6連続攻撃[中]
163502,ATTACK_LENGTH3_AT,ノエル・ネージュ,同じ縦一列に3回攻撃[極大]
164103,RANDOM_ATTACK6_AT_DF_IGNORED,聖王の威光,敵の防御力を無視してﾗﾝﾀﾞﾑで6連続攻撃[中]
2000101,START_AT_UP,剛撃の真髄,常に自分の攻撃力をUP[小]
2000201,START_DF_UP,頑強の真髄,常に自分の防御力をUP[小]
2000301,START_AT_DF_UP,戦神の真髄,常に自分の攻撃力と防御力をUP[小]
2010101,GB_GAIN_TP_UP,技巧の真髄,【騎士団戦】攻撃時に獲得するTPをUP[小]
